data limit,run,initial_permutation,goal_percentage,goal_achieved,total_task_time,final_goal_region_occupancy
1000,0,"{'/column0': '/region_0', '/column1': '/region_1', '/column2': '/region_2'}",33.333333333333336,False,34.42327771775402,"['/column2', 'None', 'None']"
1000,1,"{'/column0': '/region_0', '/column1': '/region_1', '/column2': '/region_2'}",0.0,False,30.281156687121502,"['None', 'None', 'None']"
1000,2,"{'/column0': '/region_0', '/column1': '/region_1', '/column2': '/region_2'}",0.0,False,4.827508714287581,"['None', 'None', 'None']"
1000,3,"{'/column0': '/region_0', '/column1': '/region_1', '/column2': '/region_2'}",0.0,False,8.4001957993052,"['None', 'None', 'None']"
1000,4,"{'/column0': '/region_0', '/column1': '/region_1', '/column2': '/region_2'}",0.0,False,10.29495837959846,"['None', 'None', 'None']"
1000,5,"{'/column0': '/region_0', '/column1': '/region_1', '/column2': '/region_2'}",0.0,False,7.78321734705789,"['None', 'None', 'None']"
1000,6,"{'/column0': '/region_0', '/column1': '/region_1', '/column2': '/region_2'}",0.0,False,12.790736147983688,"['None', 'None', 'None']"
1000,7,"{'/column0': '/region_0', '/column1': '/region_1', '/column2': '/region_2'}",0.0,False,6.362468767892726,"['None', 'None', 'None']"
1000,8,"{'/column0': '/region_0', '/column1': '/region_1', '/column2': '/region_2'}",0.0,False,11.292890919397488,"['None', 'None', 'None']"
1000,9,"{'/column0': '/region_0', '/column1': '/region_1', '/column2': '/region_2'}",0.0,False,10.862151541384298,"['None', 'None', 'None']"
data limit,run,initial_permutation,goal_percentage,goal_achieved,total_task_time,final_goal_region_occupancy
1500,0,"{'/column0': '/region_0', '/column1': '/region_1', '/column2': '/region_2'}",0.0,False,0.003,"['None', 'None', 'None']"
1500,1,"{'/column0': '/region_0', '/column1': '/region_1', '/column2': '/region_2'}",0.0,False,0.003,"['None', 'None', 'None']"
1500,2,"{'/column0': '/region_0', '/column1': '/region_1', '/column2': '/region_2'}",0.0,False,0.003,"['None', 'None', 'None']"
1500,3,"{'/column0': '/region_0', '/column1': '/region_1', '/column2': '/region_2'}",0.0,False,0.003,"['None', 'None', 'None']"
1500,4,"{'/column0': '/region_0', '/column1': '/region_1', '/column2': '/region_2'}",0.0,False,0.003,"['None', 'None', 'None']"
1500,5,"{'/column0': '/region_0', '/column1': '/region_1', '/column2': '/region_2'}",0.0,False,0.003,"['None', 'None', 'None']"
1500,6,"{'/column0': '/region_0', '/column1': '/region_1', '/column2': '/region_2'}",0.0,False,0.003,"['None', 'None', 'None']"
1500,7,"{'/column0': '/region_0', '/column1': '/region_1', '/column2': '/region_2'}",0.0,False,0.003,"['None', 'None', 'None']"
1500,8,"{'/column0': '/region_0', '/column1': '/region_1', '/column2': '/region_2'}",0.0,False,0.003,"['None', 'None', 'None']"
1500,9,"{'/column0': '/region_0', '/column1': '/region_1', '/column2': '/region_2'}",0.0,False,0.003,"['None', 'None', 'None']"
data limit,run,initial_permutation,goal_percentage,goal_achieved,total_task_time,final_goal_region_occupancy
data limit,run,initial_permutation,goal_percentage,goal_achieved,total_task_time,final_goal_region_occupancy
data limit,run,initial_permutation,goal_percentage,goal_achieved,total_task_time,final_goal_region_occupancy
data limit,run,initial_permutation,goal_percentage,goal_achieved,total_task_time,final_goal_region_occupancy
2200,0,"{'/column0': '/region_0', '/column1': '/region_1', '/column2': '/region_2'}",33.333333333333336,False,14.76225150939093,"['/column2', 'None', 'None']"
2200,1,"{'/column0': '/region_0', '/column1': '/region_1', '/column2': '/region_2'}",100.0,True,27.623490198433057,"['/column0', '/column1', '/column2']"
2200,2,"{'/column0': '/region_0', '/column1': '/region_1', '/column2': '/region_2'}",100.0,True,25.226021345169773,"['/column0', '/column1', '/column2']"
2200,3,"{'/column0': '/region_0', '/column1': '/region_1', '/column2': '/region_2'}",33.333333333333336,False,15.748888268364567,"['/column2', 'None', 'None']"
2200,4,"{'/column0': '/region_0', '/column1': '/region_1', '/column2': '/region_2'}",100.0,True,27.895628958064645,"['/column0', '/column1', '/column2']"
2200,5,"{'/column0': '/region_0', '/column1': '/region_1', '/column2': '/region_2'}",33.333333333333336,False,12.545891712682572,"['/column2', 'None', 'None']"
2200,6,"{'/column0': '/region_0', '/column1': '/region_1', '/column2': '/region_2'}",100.0,True,27.6359380103723,"['/column0', '/column1', '/column2']"
2200,7,"{'/column0': '/region_0', '/column1': '/region_1', '/column2': '/region_2'}",100.0,True,23.53138741370161,"['/column0', '/column1', '/column2']"
2200,8,"{'/column0': '/region_0', '/column1': '/region_1', '/column2': '/region_2'}",100.0,True,30.551475080091677,"['/column0', '/column1', '/column2']"
2200,9,"{'/column0': '/region_0', '/column1': '/region_1', '/column2': '/region_2'}",33.333333333333336,False,15.484979936791776,"['/column2', 'None', 'None']"
data limit,run,initial_permutation,goal_percentage,goal_achieved,total_task_time,final_goal_region_occupancy
2200,0,"{'/column0': '/region_0', '/column1': '/region_1', '/column2': '/region_2'}",100.0,True,27.31629361044881,"['/column0', '/column1', '/column2']"
2200,1,"{'/column0': '/region_0', '/column1': '/region_1', '/column2': '/region_2'}",100.0,True,30.31416606295803,"['/column0', '/column1', '/column2']"
2200,2,"{'/column0': '/region_0', '/column1': '/region_1', '/column2': '/region_2'}",100.0,True,31.53334024892594,"['/column0', '/column1', '/column2']"
2200,3,"{'/column0': '/region_0', '/column1': '/region_1', '/column2': '/region_2'}",33.333333333333336,False,12.30543773673554,"['/column2', 'None', 'None']"
2200,4,"{'/column0': '/region_0', '/column1': '/region_1', '/column2': '/region_2'}",100.0,True,26.848731260784795,"['/column0', '/column1', '/column2']"
2200,5,"{'/column0': '/region_0', '/column1': '/region_1', '/column2': '/region_2'}",100.0,True,29.323851256439582,"['/column0', '/column1', '/column2']"
2200,6,"{'/column0': '/region_0', '/column1': '/region_1', '/column2': '/region_2'}",33.333333333333336,False,20.210464196891486,"['/column2', 'None', 'None']"
2200,7,"{'/column0': '/region_0', '/column1': '/region_1', '/column2': '/region_2'}",100.0,True,26.48286325521252,"['/column0', '/column1', '/column2']"
2200,8,"{'/column0': '/region_0', '/column1': '/region_1', '/column2': '/region_2'}",33.333333333333336,False,7.479442553226674,"['/column2', 'None', 'None']"
2200,9,"{'/column0': '/region_0', '/column1': '/region_1', '/column2': '/region_2'}",33.333333333333336,False,14.01031635213844,"['/column2', 'None', 'None']"
data limit,run,initial_permutation,goal_percentage,goal_achieved,total_task_time,final_goal_region_occupancy
data limit,run,initial_permutation,goal_percentage,goal_achieved,total_task_time,final_goal_region_occupancy
2200,0,"{'/column0': '/region_0', '/column1': '/region_1', '/column2': '/region_2'}",33.333333333333336,False,18.084999999999702,"['/column2', 'None', 'None']"
data limit,run,initial_permutation,goal_percentage,goal_achieved,total_task_time,final_goal_region_occupancy
2200,0,"{'/column0': '/region_0', '/column1': '/region_1', '/column2': '/region_2'}",0.0,False,3.8429999999999995,"['None', 'None', 'None']"
data limit,run,initial_permutation,goal_percentage,goal_achieved,total_task_time,final_goal_region_occupancy
2200,0,"{'/column0': '/region_0', '/column1': '/region_2', '/column2': '/region_1'}",100.0,True,29.2430000000002,"['/column0', '/column1', '/column2']"
data limit,run,initial_permutation,goal_percentage,goal_achieved,total_task_time,final_goal_region_occupancy
data limit,run,initial_permutation,goal_percentage,goal_achieved,total_task_time,final_goal_region_occupancy
data limit,run,initial_permutation,goal_percentage,goal_achieved,total_task_time,final_goal_region_occupancy
2200,0,"{'/column0': '/region_0', '/column1': '/region_2', '/column2': '/region_1'}",33.333333333333336,False,10.6429999999999,"['None', '/column1', 'None']"
data limit,run,initial_permutation,goal_percentage,goal_achieved,total_task_time,final_goal_region_occupancy
2200,0,"{'/column0': '/region_0', '/column1': '/region_2', '/column2': '/region_1'}",33.333333333333336,False,14.723999999999798,"['None', '/column1', 'None']"
2200,1,"{'/column0': '/region_0', '/column1': '/region_2', '/column2': '/region_1'}",100.0,True,27.8810000000003,"['/column0', '/column1', '/column2']"
2200,2,"{'/column0': '/region_0', '/column1': '/region_2', '/column2': '/region_1'}",33.333333333333336,False,17.802999999999702,"['None', '/column1', 'None']"
2200,3,"{'/column0': '/region_0', '/column1': '/region_2', '/column2': '/region_1'}",33.333333333333336,False,10.2449999999999,"['None', '/column1', 'None']"
2200,4,"{'/column0': '/region_0', '/column1': '/region_2', '/column2': '/region_1'}",33.333333333333336,False,14.9629999999998,"['None', '/column1', 'None']"
2200,5,"{'/column0': '/region_0', '/column1': '/region_2', '/column2': '/region_1'}",100.0,True,31.8430000000008,"['/column0', '/column1', '/column2']"
2200,6,"{'/column0': '/region_0', '/column1': '/region_2', '/column2': '/region_1'}",33.333333333333336,False,14.2829999999998,"['None', '/column1', 'None']"
2200,7,"{'/column0': '/region_0', '/column1': '/region_2', '/column2': '/region_1'}",33.333333333333336,False,14.004999999999798,"['None', '/column1', 'None']"
2200,8,"{'/column0': '/region_0', '/column1': '/region_2', '/column2': '/region_1'}",100.0,True,28.8010000000002,"['/column0', '/column1', '/column2']"
2200,9,"{'/column0': '/region_0', '/column1': '/region_2', '/column2': '/region_1'}",33.333333333333336,False,19.642999999999706,"['None', '/column1', 'None']"
data limit,run,initial_permutation,goal_percentage,goal_achieved,total_task_time,final_goal_region_occupancy
2200,0,"{'/column0': '/region_0', '/column1': '/region_2', '/column2': '/region_1'}",0.0,False,4.163000000000001,"['None', 'None', 'None']"
2200,1,"{'/column0': '/region_0', '/column1': '/region_2', '/column2': '/region_1'}",100.0,True,29.603000000000904,"['/column0', '/column1', '/column2']"
2200,2,"{'/column0': '/region_0', '/column1': '/region_2', '/column2': '/region_1'}",100.0,True,35.082000000000804,"['/column0', '/column1', '/column2']"
2200,3,"{'/column0': '/region_0', '/column1': '/region_2', '/column2': '/region_1'}",0.0,False,4.083000000000001,"['None', 'None', 'None']"
2200,4,"{'/column0': '/region_0', '/column1': '/region_2', '/column2': '/region_1'}",100.0,True,29.0000000000003,"['/column0', '/column1', '/column2']"
2200,5,"{'/column0': '/region_0', '/column1': '/region_2', '/column2': '/region_1'}",33.333333333333336,False,16.164999999999804,"['None', '/column1', 'None']"
2200,6,"{'/column0': '/region_0', '/column1': '/region_2', '/column2': '/region_1'}",33.333333333333336,False,16.004999999999804,"['None', '/column1', 'None']"
2200,7,"{'/column0': '/region_0', '/column1': '/region_2', '/column2': '/region_1'}",0.0,False,4.1640000000000015,"['None', 'None', 'None']"
2200,8,"{'/column0': '/region_0', '/column1': '/region_2', '/column2': '/region_1'}",0.0,False,4.163000000000001,"['None', 'None', 'None']"
data limit,run,initial_permutation,goal_percentage,goal_achieved,total_task_time,final_goal_region_occupancy
2200,0,"{'/column0': '/region_0', '/column1': '/region_2', '/column2': '/region_1'}",33.333333333333336,False,27.843999999999905,"['None', '/column1', 'None']"
2200,1,"{'/column0': '/region_0', '/column1': '/region_2', '/column2': '/region_1'}",33.333333333333336,False,36.84299999999979,"['None', '/column1', 'None']"
data limit,run,initial_permutation,goal_percentage,goal_achieved,total_task_time,final_goal_region_occupancy
data limit,run,initial_permutation,goal_percentage,goal_achieved,total_task_time,final_goal_region_occupancy
