run,initial_permutation,goal_percentage,goal_achieved,total_task_time,final_goal_region_occupancy
0,"([0.35, 0.8, 0.5625, 3.071012527623134e-08, 2.2171811830454326e-08, 1.8385622863714705e-05, 0.9999999998309838], [0.6, 1.075, 0.5625, 3.7923564988209e-08, 6.836504668418399e-08, -0.0009820818013717147, 0.9999995177575484], [0.6, 0.8000057601488304, 0.5625, 3.071012527623134e-08, 2.2171811830454326e-08, 1.8385622863714705e-05, 0.9999999998309838])",100,True,36.5675650300398,"['/column1', '/column0', '/column2']"
1,"([0.35, 0.8, 0.5625, 3.071012527623134e-08, 2.2171811830454326e-08, 1.8385622863714705e-05, 0.9999999998309838], [0.6, 1.075, 0.5625, 3.7923564988209e-08, 6.836504668418399e-08, -0.0009820818013717147, 0.9999995177575484], [0.6, 0.8000057601488304, 0.5625, 3.071012527623134e-08, 2.2171811830454326e-08, 1.8385622863714705e-05, 0.9999999998309838])",100,True,25.6970321698696,"['/column1', '/column0', '/column2']"
2,"([0.35, 0.8, 0.5625, 3.071012527623134e-08, 2.2171811830454326e-08, 1.8385622863714705e-05, 0.9999999998309838], [0.6, 1.075, 0.5625, 3.7923564988209e-08, 6.836504668418399e-08, -0.0009820818013717147, 0.9999995177575484], [0.6, 0.8000057601488304, 0.5625, 3.071012527623134e-08, 2.2171811830454326e-08, 1.8385622863714705e-05, 0.9999999998309838])",100,True,32.2267726332002,"['/column1', '/column0', '/column2']"
3,"([0.35, 0.8, 0.5625, 3.071012527623134e-08, 2.2171811830454326e-08, 1.8385622863714705e-05, 0.9999999998309838], [0.6, 1.075, 0.5625, 3.7923564988209e-08, 6.836504668418399e-08, -0.0009820818013717147, 0.9999995177575484], [0.6, 0.8000057601488304, 0.5625, 3.071012527623134e-08, 2.2171811830454326e-08, 1.8385622863714705e-05, 0.9999999998309838])",100,True,36.3644592745786,"['/column1', '/column0', '/column2']"
4,"([0.35, 0.8, 0.5625, 3.071012527623134e-08, 2.2171811830454326e-08, 1.8385622863714705e-05, 0.9999999998309838], [0.6, 1.075, 0.5625, 3.7923564988209e-08, 6.836504668418399e-08, -0.0009820818013717147, 0.9999995177575484], [0.6, 0.8000057601488304, 0.5625, 3.071012527623134e-08, 2.2171811830454326e-08, 1.8385622863714705e-05, 0.9999999998309838])",100,True,28.4251811555723,"['/column1', '/column0', '/column2']"
5,"([0.35, 0.8, 0.5625, 3.071012527623134e-08, 2.2171811830454326e-08, 1.8385622863714705e-05, 0.9999999998309838], [0.6, 1.075, 0.5625, 3.7923564988209e-08, 6.836504668418399e-08, -0.0009820818013717147, 0.9999995177575484], [0.6, 0.8000057601488304, 0.5625, 3.071012527623134e-08, 2.2171811830454326e-08, 1.8385622863714705e-05, 0.9999999998309838])",100,True,36.8276438932208,"['/column1', '/column0', '/column2']"
6,"([0.35, 0.8, 0.5625, 3.071012527623134e-08, 2.2171811830454326e-08, 1.8385622863714705e-05, 0.9999999998309838], [0.6, 1.075, 0.5625, 3.7923564988209e-08, 6.836504668418399e-08, -0.0009820818013717147, 0.9999995177575484], [0.6, 0.8000057601488304, 0.5625, 3.071012527623134e-08, 2.2171811830454326e-08, 1.8385622863714705e-05, 0.9999999998309838])",100,True,28.2743354044458,"['/column1', '/column0', '/column2']"
7,"([0.35, 0.8, 0.5625, 3.071012527623134e-08, 2.2171811830454326e-08, 1.8385622863714705e-05, 0.9999999998309838], [0.6, 1.075, 0.5625, 3.7923564988209e-08, 6.836504668418399e-08, -0.0009820818013717147, 0.9999995177575484], [0.6, 0.8000057601488304, 0.5625, 3.071012527623134e-08, 2.2171811830454326e-08, 1.8385622863714705e-05, 0.9999999998309838])",100,True,29.5183693332634,"['/column1', '/column0', '/column2']"
8,"([0.35, 0.8, 0.5625, 3.071012527623134e-08, 2.2171811830454326e-08, 1.8385622863714705e-05, 0.9999999998309838], [0.6, 1.075, 0.5625, 3.7923564988209e-08, 6.836504668418399e-08, -0.0009820818013717147, 0.9999995177575484], [0.6, 0.8000057601488304, 0.5625, 3.071012527623134e-08, 2.2171811830454326e-08, 1.8385622863714705e-05, 0.9999999998309838])",100,True,35.7212541664532,"['/column1', '/column0', '/column2']"
9,"([0.35, 0.8, 0.5625, 3.071012527623134e-08, 2.2171811830454326e-08, 1.8385622863714705e-05, 0.9999999998309838], [0.6, 1.075, 0.5625, 3.7923564988209e-08, 6.836504668418399e-08, -0.0009820818013717147, 0.9999995177575484], [0.6, 0.8000057601488304, 0.5625, 3.071012527623134e-08, 2.2171811830454326e-08, 1.8385622863714705e-05, 0.9999999998309838])",100,True,30.1938670602708,"['/column1', '/column0', '/column2']"
0,"([0.35, 0.8, 0.5625, 3.071012527623134e-08, 2.2171811830454326e-08, 1.8385622863714705e-05, 0.9999999998309838], [0.6, 0.8000057601488304, 0.5625, 3.071012527623134e-08, 2.2171811830454326e-08, 1.8385622863714705e-05, 0.9999999998309838], [0.6, 1.075, 0.5625, 3.7923564988209e-08, 6.836504668418399e-08, -0.0009820818013717147, 0.9999995177575484])",100,True,36.6293209537289,"['/column1', '/column0', '/column2']"
1,"([0.35, 0.8, 0.5625, 3.071012527623134e-08, 2.2171811830454326e-08, 1.8385622863714705e-05, 0.9999999998309838], [0.6, 0.8000057601488304, 0.5625, 3.071012527623134e-08, 2.2171811830454326e-08, 1.8385622863714705e-05, 0.9999999998309838], [0.6, 1.075, 0.5625, 3.7923564988209e-08, 6.836504668418399e-08, -0.0009820818013717147, 0.9999995177575484])",100,True,27.2637665177534,"['/column1', '/column0', '/column2']"
2,"([0.35, 0.8, 0.5625, 3.071012527623134e-08, 2.2171811830454326e-08, 1.8385622863714705e-05, 0.9999999998309838], [0.6, 0.8000057601488304, 0.5625, 3.071012527623134e-08, 2.2171811830454326e-08, 1.8385622863714705e-05, 0.9999999998309838], [0.6, 1.075, 0.5625, 3.7923564988209e-08, 6.836504668418399e-08, -0.0009820818013717147, 0.9999995177575484])",100,True,30.3970095322013,"['/column1', '/column0', '/column2']"
3,"([0.35, 0.8, 0.5625, 3.071012527623134e-08, 2.2171811830454326e-08, 1.8385622863714705e-05, 0.9999999998309838], [0.6, 0.8000057601488304, 0.5625, 3.071012527623134e-08, 2.2171811830454326e-08, 1.8385622863714705e-05, 0.9999999998309838], [0.6, 1.075, 0.5625, 3.7923564988209e-08, 6.836504668418399e-08, -0.0009820818013717147, 0.9999995177575484])",100,True,37.4256888849423,"['/column1', '/column0', '/column2']"
4,"([0.35, 0.8, 0.5625, 3.071012527623134e-08, 2.2171811830454326e-08, 1.8385622863714705e-05, 0.9999999998309838], [0.6, 0.8000057601488304, 0.5625, 3.071012527623134e-08, 2.2171811830454326e-08, 1.8385622863714705e-05, 0.9999999998309838], [0.6, 1.075, 0.5625, 3.7923564988209e-08, 6.836504668418399e-08, -0.0009820818013717147, 0.9999995177575484])",100,True,31.8844907676858,"['/column1', '/column0', '/column2']"
5,"([0.35, 0.8, 0.5625, 3.071012527623134e-08, 2.2171811830454326e-08, 1.8385622863714705e-05, 0.9999999998309838], [0.6, 0.8000057601488304, 0.5625, 3.071012527623134e-08, 2.2171811830454326e-08, 1.8385622863714705e-05, 0.9999999998309838], [0.6, 1.075, 0.5625, 3.7923564988209e-08, 6.836504668418399e-08, -0.0009820818013717147, 0.9999995177575484])",0,False,32.7495750147636,"['None', 'None', 'None']"
6,"([0.35, 0.8, 0.5625, 3.071012527623134e-08, 2.2171811830454326e-08, 1.8385622863714705e-05, 0.9999999998309838], [0.6, 0.8000057601488304, 0.5625, 3.071012527623134e-08, 2.2171811830454326e-08, 1.8385622863714705e-05, 0.9999999998309838], [0.6, 1.075, 0.5625, 3.7923564988209e-08, 6.836504668418399e-08, -0.0009820818013717147, 0.9999995177575484])",0,False,2.58800705894855,"['None', 'None', 'None']"
7,"([0.35, 0.8, 0.5625, 3.071012527623134e-08, 2.2171811830454326e-08, 1.8385622863714705e-05, 0.9999999998309838], [0.6, 0.8000057601488304, 0.5625, 3.071012527623134e-08, 2.2171811830454326e-08, 1.8385622863714705e-05, 0.9999999998309838], [0.6, 1.075, 0.5625, 3.7923564988209e-08, 6.836504668418399e-08, -0.0009820818013717147, 0.9999995177575484])",0,False,2.58822640923056,"['None', 'None', 'None']"
8,"([0.35, 0.8, 0.5625, 3.071012527623134e-08, 2.2171811830454326e-08, 1.8385622863714705e-05, 0.9999999998309838], [0.6, 0.8000057601488304, 0.5625, 3.071012527623134e-08, 2.2171811830454326e-08, 1.8385622863714705e-05, 0.9999999998309838], [0.6, 1.075, 0.5625, 3.7923564988209e-08, 6.836504668418399e-08, -0.0009820818013717147, 0.9999995177575484])",0,False,2.58833251169612,"['None', 'None', 'None']"
9,"([0.35, 0.8, 0.5625, 3.071012527623134e-08, 2.2171811830454326e-08, 1.8385622863714705e-05, 0.9999999998309838], [0.6, 0.8000057601488304, 0.5625, 3.071012527623134e-08, 2.2171811830454326e-08, 1.8385622863714705e-05, 0.9999999998309838], [0.6, 1.075, 0.5625, 3.7923564988209e-08, 6.836504668418399e-08, -0.0009820818013717147, 0.9999995177575484])",0,False,2.58807393129756,"['None', 'None', 'None']"
0,"([0.6, 1.075, 0.5625, 3.7923564988209e-08, 6.836504668418399e-08, -0.0009820818013717147, 0.9999995177575484], [0.35, 0.8, 0.5625, 3.071012527623134e-08, 2.2171811830454326e-08, 1.8385622863714705e-05, 0.9999999998309838], [0.6, 0.8000057601488304, 0.5625, 3.071012527623134e-08, 2.2171811830454326e-08, 1.8385622863714705e-05, 0.9999999998309838])",0,False,2.58818075754353,"['None', 'None', 'None']"
1,"([0.6, 1.075, 0.5625, 3.7923564988209e-08, 6.836504668418399e-08, -0.0009820818013717147, 0.9999995177575484], [0.35, 0.8, 0.5625, 3.071012527623134e-08, 2.2171811830454326e-08, 1.8385622863714705e-05, 0.9999999998309838], [0.6, 0.8000057601488304, 0.5625, 3.071012527623134e-08, 2.2171811830454326e-08, 1.8385622863714705e-05, 0.9999999998309838])",0,False,2.58827483411623,"['None', 'None', 'None']"
2,"([0.6, 1.075, 0.5625, 3.7923564988209e-08, 6.836504668418399e-08, -0.0009820818013717147, 0.9999995177575484], [0.35, 0.8, 0.5625, 3.071012527623134e-08, 2.2171811830454326e-08, 1.8385622863714705e-05, 0.9999999998309838], [0.6, 0.8000057601488304, 0.5625, 3.071012527623134e-08, 2.2171811830454326e-08, 1.8385622863714705e-05, 0.9999999998309838])",0,False,2.58805306139713,"['None', 'None', 'None']"
3,"([0.6, 1.075, 0.5625, 3.7923564988209e-08, 6.836504668418399e-08, -0.0009820818013717147, 0.9999995177575484], [0.35, 0.8, 0.5625, 3.071012527623134e-08, 2.2171811830454326e-08, 1.8385622863714705e-05, 0.9999999998309838], [0.6, 0.8000057601488304, 0.5625, 3.071012527623134e-08, 2.2171811830454326e-08, 1.8385622863714705e-05, 0.9999999998309838])",0,False,2.58819977096647,"['None', 'None', 'None']"
4,"([0.6, 1.075, 0.5625, 3.7923564988209e-08, 6.836504668418399e-08, -0.0009820818013717147, 0.9999995177575484], [0.35, 0.8, 0.5625, 3.071012527623134e-08, 2.2171811830454326e-08, 1.8385622863714705e-05, 0.9999999998309838], [0.6, 0.8000057601488304, 0.5625, 3.071012527623134e-08, 2.2171811830454326e-08, 1.8385622863714705e-05, 0.9999999998309838])",0,False,2.58823919216926,"['None', 'None', 'None']"
5,"([0.6, 1.075, 0.5625, 3.7923564988209e-08, 6.836504668418399e-08, -0.0009820818013717147, 0.9999995177575484], [0.35, 0.8, 0.5625, 3.071012527623134e-08, 2.2171811830454326e-08, 1.8385622863714705e-05, 0.9999999998309838], [0.6, 0.8000057601488304, 0.5625, 3.071012527623134e-08, 2.2171811830454326e-08, 1.8385622863714705e-05, 0.9999999998309838])",0,False,2.58832755199747,"['None', 'None', 'None']"
6,"([0.6, 1.075, 0.5625, 3.7923564988209e-08, 6.836504668418399e-08, -0.0009820818013717147, 0.9999995177575484], [0.35, 0.8, 0.5625, 3.071012527623134e-08, 2.2171811830454326e-08, 1.8385622863714705e-05, 0.9999999998309838], [0.6, 0.8000057601488304, 0.5625, 3.071012527623134e-08, 2.2171811830454326e-08, 1.8385622863714705e-05, 0.9999999998309838])",0,False,2.58821895830718,"['None', 'None', 'None']"
7,"([0.6, 1.075, 0.5625, 3.7923564988209e-08, 6.836504668418399e-08, -0.0009820818013717147, 0.9999995177575484], [0.35, 0.8, 0.5625, 3.071012527623134e-08, 2.2171811830454326e-08, 1.8385622863714705e-05, 0.9999999998309838], [0.6, 0.8000057601488304, 0.5625, 3.071012527623134e-08, 2.2171811830454326e-08, 1.8385622863714705e-05, 0.9999999998309838])",0,False,2.58812590379021,"['None', 'None', 'None']"
8,"([0.6, 1.075, 0.5625, 3.7923564988209e-08, 6.836504668418399e-08, -0.0009820818013717147, 0.9999995177575484], [0.35, 0.8, 0.5625, 3.071012527623134e-08, 2.2171811830454326e-08, 1.8385622863714705e-05, 0.9999999998309838], [0.6, 0.8000057601488304, 0.5625, 3.071012527623134e-08, 2.2171811830454326e-08, 1.8385622863714705e-05, 0.9999999998309838])",0,False,2.58806116668426,"['None', 'None', 'None']"
9,"([0.6, 1.075, 0.5625, 3.7923564988209e-08, 6.836504668418399e-08, -0.0009820818013717147, 0.9999995177575484], [0.35, 0.8, 0.5625, 3.071012527623134e-08, 2.2171811830454326e-08, 1.8385622863714705e-05, 0.9999999998309838], [0.6, 0.8000057601488304, 0.5625, 3.071012527623134e-08, 2.2171811830454326e-08, 1.8385622863714705e-05, 0.9999999998309838])",0,False,2.58814500505905,"['None', 'None', 'None']"
0,"([0.6, 1.075, 0.5625, 3.7923564988209e-08, 6.836504668418399e-08, -0.0009820818013717147, 0.9999995177575484], [0.6, 0.8000057601488304, 0.5625, 3.071012527623134e-08, 2.2171811830454326e-08, 1.8385622863714705e-05, 0.9999999998309838], [0.35, 0.8, 0.5625, 3.071012527623134e-08, 2.2171811830454326e-08, 1.8385622863714705e-05, 0.9999999998309838])",0,False,2.58833298592569,"['None', 'None', 'None']"
1,"([0.6, 1.075, 0.5625, 3.7923564988209e-08, 6.836504668418399e-08, -0.0009820818013717147, 0.9999995177575484], [0.6, 0.8000057601488304, 0.5625, 3.071012527623134e-08, 2.2171811830454326e-08, 1.8385622863714705e-05, 0.9999999998309838], [0.35, 0.8, 0.5625, 3.071012527623134e-08, 2.2171811830454326e-08, 1.8385622863714705e-05, 0.9999999998309838])",0,False,2.58825718896873,"['None', 'None', 'None']"
2,"([0.6, 1.075, 0.5625, 3.7923564988209e-08, 6.836504668418399e-08, -0.0009820818013717147, 0.9999995177575484], [0.6, 0.8000057601488304, 0.5625, 3.071012527623134e-08, 2.2171811830454326e-08, 1.8385622863714705e-05, 0.9999999998309838], [0.35, 0.8, 0.5625, 3.071012527623134e-08, 2.2171811830454326e-08, 1.8385622863714705e-05, 0.9999999998309838])",0,False,2.58848109405131,"['None', 'None', 'None']"
3,"([0.6, 1.075, 0.5625, 3.7923564988209e-08, 6.836504668418399e-08, -0.0009820818013717147, 0.9999995177575484], [0.6, 0.8000057601488304, 0.5625, 3.071012527623134e-08, 2.2171811830454326e-08, 1.8385622863714705e-05, 0.9999999998309838], [0.35, 0.8, 0.5625, 3.071012527623134e-08, 2.2171811830454326e-08, 1.8385622863714705e-05, 0.9999999998309838])",0,False,2.5882915474253,"['None', 'None', 'None']"
4,"([0.6, 1.075, 0.5625, 3.7923564988209e-08, 6.836504668418399e-08, -0.0009820818013717147, 0.9999995177575484], [0.6, 0.8000057601488304, 0.5625, 3.071012527623134e-08, 2.2171811830454326e-08, 1.8385622863714705e-05, 0.9999999998309838], [0.35, 0.8, 0.5625, 3.071012527623134e-08, 2.2171811830454326e-08, 1.8385622863714705e-05, 0.9999999998309838])",0,False,2.58808168425638,"['None', 'None', 'None']"
5,"([0.6, 1.075, 0.5625, 3.7923564988209e-08, 6.836504668418399e-08, -0.0009820818013717147, 0.9999995177575484], [0.6, 0.8000057601488304, 0.5625, 3.071012527623134e-08, 2.2171811830454326e-08, 1.8385622863714705e-05, 0.9999999998309838], [0.35, 0.8, 0.5625, 3.071012527623134e-08, 2.2171811830454326e-08, 1.8385622863714705e-05, 0.9999999998309838])",0,False,2.58837117611893,"['None', 'None', 'None']"
6,"([0.6, 1.075, 0.5625, 3.7923564988209e-08, 6.836504668418399e-08, -0.0009820818013717147, 0.9999995177575484], [0.6, 0.8000057601488304, 0.5625, 3.071012527623134e-08, 2.2171811830454326e-08, 1.8385622863714705e-05, 0.9999999998309838], [0.35, 0.8, 0.5625, 3.071012527623134e-08, 2.2171811830454326e-08, 1.8385622863714705e-05, 0.9999999998309838])",0,False,2.5885261351289,"['None', 'None', 'None']"
7,"([0.6, 1.075, 0.5625, 3.7923564988209e-08, 6.836504668418399e-08, -0.0009820818013717147, 0.9999995177575484], [0.6, 0.8000057601488304, 0.5625, 3.071012527623134e-08, 2.2171811830454326e-08, 1.8385622863714705e-05, 0.9999999998309838], [0.35, 0.8, 0.5625, 3.071012527623134e-08, 2.2171811830454326e-08, 1.8385622863714705e-05, 0.9999999998309838])",0,False,2.58855401157886,"['None', 'None', 'None']"
8,"([0.6, 1.075, 0.5625, 3.7923564988209e-08, 6.836504668418399e-08, -0.0009820818013717147, 0.9999995177575484], [0.6, 0.8000057601488304, 0.5625, 3.071012527623134e-08, 2.2171811830454326e-08, 1.8385622863714705e-05, 0.9999999998309838], [0.35, 0.8, 0.5625, 3.071012527623134e-08, 2.2171811830454326e-08, 1.8385622863714705e-05, 0.9999999998309838])",0,False,2.58831722099252,"['None', 'None', 'None']"
9,"([0.6, 1.075, 0.5625, 3.7923564988209e-08, 6.836504668418399e-08, -0.0009820818013717147, 0.9999995177575484], [0.6, 0.8000057601488304, 0.5625, 3.071012527623134e-08, 2.2171811830454326e-08, 1.8385622863714705e-05, 0.9999999998309838], [0.35, 0.8, 0.5625, 3.071012527623134e-08, 2.2171811830454326e-08, 1.8385622863714705e-05, 0.9999999998309838])",0,False,2.58819646584534,"['None', 'None', 'None']"
0,"([0.6, 0.8000057601488304, 0.5625, 3.071012527623134e-08, 2.2171811830454326e-08, 1.8385622863714705e-05, 0.9999999998309838], [0.35, 0.8, 0.5625, 3.071012527623134e-08, 2.2171811830454326e-08, 1.8385622863714705e-05, 0.9999999998309838], [0.6, 1.075, 0.5625, 3.7923564988209e-08, 6.836504668418399e-08, -0.0009820818013717147, 0.9999995177575484])",0,False,2.58851676010802,"['None', 'None', 'None']"
1,"([0.6, 0.8000057601488304, 0.5625, 3.071012527623134e-08, 2.2171811830454326e-08, 1.8385622863714705e-05, 0.9999999998309838], [0.35, 0.8, 0.5625, 3.071012527623134e-08, 2.2171811830454326e-08, 1.8385622863714705e-05, 0.9999999998309838], [0.6, 1.075, 0.5625, 3.7923564988209e-08, 6.836504668418399e-08, -0.0009820818013717147, 0.9999995177575484])",0,False,2.58845263573036,"['None', 'None', 'None']"
2,"([0.6, 0.8000057601488304, 0.5625, 3.071012527623134e-08, 2.2171811830454326e-08, 1.8385622863714705e-05, 0.9999999998309838], [0.35, 0.8, 0.5625, 3.071012527623134e-08, 2.2171811830454326e-08, 1.8385622863714705e-05, 0.9999999998309838], [0.6, 1.075, 0.5625, 3.7923564988209e-08, 6.836504668418399e-08, -0.0009820818013717147, 0.9999995177575484])",0,False,2.58808682139195,"['None', 'None', 'None']"
3,"([0.6, 0.8000057601488304, 0.5625, 3.071012527623134e-08, 2.2171811830454326e-08, 1.8385622863714705e-05, 0.9999999998309838], [0.35, 0.8, 0.5625, 3.071012527623134e-08, 2.2171811830454326e-08, 1.8385622863714705e-05, 0.9999999998309838], [0.6, 1.075, 0.5625, 3.7923564988209e-08, 6.836504668418399e-08, -0.0009820818013717147, 0.9999995177575484])",0,False,2.58822897729266,"['None', 'None', 'None']"
4,"([0.6, 0.8000057601488304, 0.5625, 3.071012527623134e-08, 2.2171811830454326e-08, 1.8385622863714705e-05, 0.9999999998309838], [0.35, 0.8, 0.5625, 3.071012527623134e-08, 2.2171811830454326e-08, 1.8385622863714705e-05, 0.9999999998309838], [0.6, 1.075, 0.5625, 3.7923564988209e-08, 6.836504668418399e-08, -0.0009820818013717147, 0.9999995177575484])",0,False,2.58822318066995,"['None', 'None', 'None']"
5,"([0.6, 0.8000057601488304, 0.5625, 3.071012527623134e-08, 2.2171811830454326e-08, 1.8385622863714705e-05, 0.9999999998309838], [0.35, 0.8, 0.5625, 3.071012527623134e-08, 2.2171811830454326e-08, 1.8385622863714705e-05, 0.9999999998309838], [0.6, 1.075, 0.5625, 3.7923564988209e-08, 6.836504668418399e-08, -0.0009820818013717147, 0.9999995177575484])",0,False,2.58801504518235,"['None', 'None', 'None']"
6,"([0.6, 0.8000057601488304, 0.5625, 3.071012527623134e-08, 2.2171811830454326e-08, 1.8385622863714705e-05, 0.9999999998309838], [0.35, 0.8, 0.5625, 3.071012527623134e-08, 2.2171811830454326e-08, 1.8385622863714705e-05, 0.9999999998309838], [0.6, 1.075, 0.5625, 3.7923564988209e-08, 6.836504668418399e-08, -0.0009820818013717147, 0.9999995177575484])",0,False,2.58848056199138,"['None', 'None', 'None']"
7,"([0.6, 0.8000057601488304, 0.5625, 3.071012527623134e-08, 2.2171811830454326e-08, 1.8385622863714705e-05, 0.9999999998309838], [0.35, 0.8, 0.5625, 3.071012527623134e-08, 2.2171811830454326e-08, 1.8385622863714705e-05, 0.9999999998309838], [0.6, 1.075, 0.5625, 3.7923564988209e-08, 6.836504668418399e-08, -0.0009820818013717147, 0.9999995177575484])",0,False,2.5882711052258,"['None', 'None', 'None']"
8,"([0.6, 0.8000057601488304, 0.5625, 3.071012527623134e-08, 2.2171811830454326e-08, 1.8385622863714705e-05, 0.9999999998309838], [0.35, 0.8, 0.5625, 3.071012527623134e-08, 2.2171811830454326e-08, 1.8385622863714705e-05, 0.9999999998309838], [0.6, 1.075, 0.5625, 3.7923564988209e-08, 6.836504668418399e-08, -0.0009820818013717147, 0.9999995177575484])",0,False,2.58805353395082,"['None', 'None', 'None']"
9,"([0.6, 0.8000057601488304, 0.5625, 3.071012527623134e-08, 2.2171811830454326e-08, 1.8385622863714705e-05, 0.9999999998309838], [0.35, 0.8, 0.5625, 3.071012527623134e-08, 2.2171811830454326e-08, 1.8385622863714705e-05, 0.9999999998309838], [0.6, 1.075, 0.5625, 3.7923564988209e-08, 6.836504668418399e-08, -0.0009820818013717147, 0.9999995177575484])",0,False,2.5882956506536,"['None', 'None', 'None']"
0,"([0.6, 0.8000057601488304, 0.5625, 3.071012527623134e-08, 2.2171811830454326e-08, 1.8385622863714705e-05, 0.9999999998309838], [0.6, 1.075, 0.5625, 3.7923564988209e-08, 6.836504668418399e-08, -0.0009820818013717147, 0.9999995177575484], [0.35, 0.8, 0.5625, 3.071012527623134e-08, 2.2171811830454326e-08, 1.8385622863714705e-05, 0.9999999998309838])",0,False,2.5884303213885,"['None', 'None', 'None']"
1,"([0.6, 0.8000057601488304, 0.5625, 3.071012527623134e-08, 2.2171811830454326e-08, 1.8385622863714705e-05, 0.9999999998309838], [0.6, 1.075, 0.5625, 3.7923564988209e-08, 6.836504668418399e-08, -0.0009820818013717147, 0.9999995177575484], [0.35, 0.8, 0.5625, 3.071012527623134e-08, 2.2171811830454326e-08, 1.8385622863714705e-05, 0.9999999998309838])",0,False,2.58844890435911,"['None', 'None', 'None']"
2,"([0.6, 0.8000057601488304, 0.5625, 3.071012527623134e-08, 2.2171811830454326e-08, 1.8385622863714705e-05, 0.9999999998309838], [0.6, 1.075, 0.5625, 3.7923564988209e-08, 6.836504668418399e-08, -0.0009820818013717147, 0.9999995177575484], [0.35, 0.8, 0.5625, 3.071012527623134e-08, 2.2171811830454326e-08, 1.8385622863714705e-05, 0.9999999998309838])",0,False,2.58815465888968,"['None', 'None', 'None']"
3,"([0.6, 0.8000057601488304, 0.5625, 3.071012527623134e-08, 2.2171811830454326e-08, 1.8385622863714705e-05, 0.9999999998309838], [0.6, 1.075, 0.5625, 3.7923564988209e-08, 6.836504668418399e-08, -0.0009820818013717147, 0.9999995177575484], [0.35, 0.8, 0.5625, 3.071012527623134e-08, 2.2171811830454326e-08, 1.8385622863714705e-05, 0.9999999998309838])",0,False,2.58842083045394,"['None', 'None', 'None']"
4,"([0.6, 0.8000057601488304, 0.5625, 3.071012527623134e-08, 2.2171811830454326e-08, 1.8385622863714705e-05, 0.9999999998309838], [0.6, 1.075, 0.5625, 3.7923564988209e-08, 6.836504668418399e-08, -0.0009820818013717147, 0.9999995177575484], [0.35, 0.8, 0.5625, 3.071012527623134e-08, 2.2171811830454326e-08, 1.8385622863714705e-05, 0.9999999998309838])",0,False,2.58841158382931,"['None', 'None', 'None']"
5,"([0.6, 0.8000057601488304, 0.5625, 3.071012527623134e-08, 2.2171811830454326e-08, 1.8385622863714705e-05, 0.9999999998309838], [0.6, 1.075, 0.5625, 3.7923564988209e-08, 6.836504668418399e-08, -0.0009820818013717147, 0.9999995177575484], [0.35, 0.8, 0.5625, 3.071012527623134e-08, 2.2171811830454326e-08, 1.8385622863714705e-05, 0.9999999998309838])",0,False,2.58846686029926,"['None', 'None', 'None']"
6,"([0.6, 0.8000057601488304, 0.5625, 3.071012527623134e-08, 2.2171811830454326e-08, 1.8385622863714705e-05, 0.9999999998309838], [0.6, 1.075, 0.5625, 3.7923564988209e-08, 6.836504668418399e-08, -0.0009820818013717147, 0.9999995177575484], [0.35, 0.8, 0.5625, 3.071012527623134e-08, 2.2171811830454326e-08, 1.8385622863714705e-05, 0.9999999998309838])",0,False,2.58830278568946,"['None', 'None', 'None']"
7,"([0.6, 0.8000057601488304, 0.5625, 3.071012527623134e-08, 2.2171811830454326e-08, 1.8385622863714705e-05, 0.9999999998309838], [0.6, 1.075, 0.5625, 3.7923564988209e-08, 6.836504668418399e-08, -0.0009820818013717147, 0.9999995177575484], [0.35, 0.8, 0.5625, 3.071012527623134e-08, 2.2171811830454326e-08, 1.8385622863714705e-05, 0.9999999998309838])",0,False,2.58842291953176,"['None', 'None', 'None']"
8,"([0.6, 0.8000057601488304, 0.5625, 3.071012527623134e-08, 2.2171811830454326e-08, 1.8385622863714705e-05, 0.9999999998309838], [0.6, 1.075, 0.5625, 3.7923564988209e-08, 6.836504668418399e-08, -0.0009820818013717147, 0.9999995177575484], [0.35, 0.8, 0.5625, 3.071012527623134e-08, 2.2171811830454326e-08, 1.8385622863714705e-05, 0.9999999998309838])",0,False,2.58797071021356,"['None', 'None', 'None']"
9,"([0.6, 0.8000057601488304, 0.5625, 3.071012527623134e-08, 2.2171811830454326e-08, 1.8385622863714705e-05, 0.9999999998309838], [0.6, 1.075, 0.5625, 3.7923564988209e-08, 6.836504668418399e-08, -0.0009820818013717147, 0.9999995177575484], [0.35, 0.8, 0.5625, 3.071012527623134e-08, 2.2171811830454326e-08, 1.8385622863714705e-05, 0.9999999998309838])",0,False,2.58851463504627,"['None', 'None', 'None']"
run,initial_permutation,goal_percentage,goal_achieved,total_task_time,final_goal_region_occupancy
0,"([0.35, 0.8, 0.5625, 3.071012527623134e-08, 2.2171811830454326e-08, 1.8385622863714705e-05, 0.9999999998309838], [0.6, 1.075, 0.5625, 3.7923564988209e-08, 6.836504668418399e-08, -0.0009820818013717147, 0.9999995177575484], [0.6, 0.8000057601488304, 0.5625, 3.071012527623134e-08, 2.2171811830454326e-08, 1.8385622863714705e-05, 0.9999999998309838])",100,True,30.2971972446693,"['/column1', '/column0', '/column2']"
1,"([0.35, 0.8, 0.5625, 3.071012527623134e-08, 2.2171811830454326e-08, 1.8385622863714705e-05, 0.9999999998309838], [0.6, 1.075, 0.5625, 3.7923564988209e-08, 6.836504668418399e-08, -0.0009820818013717147, 0.9999995177575484], [0.6, 0.8000057601488304, 0.5625, 3.071012527623134e-08, 2.2171811830454326e-08, 1.8385622863714705e-05, 0.9999999998309838])",66.6666666666667,False,22.6018298369018,"['None', '/column0', '/column2']"
2,"([0.35, 0.8, 0.5625, 3.071012527623134e-08, 2.2171811830454326e-08, 1.8385622863714705e-05, 0.9999999998309838], [0.6, 1.075, 0.5625, 3.7923564988209e-08, 6.836504668418399e-08, -0.0009820818013717147, 0.9999995177575484], [0.6, 0.8000057601488304, 0.5625, 3.071012527623134e-08, 2.2171811830454326e-08, 1.8385622863714705e-05, 0.9999999998309838])",100,True,31.9490767727534,"['/column1', '/column0', '/column2']"
3,"([0.35, 0.8, 0.5625, 3.071012527623134e-08, 2.2171811830454326e-08, 1.8385622863714705e-05, 0.9999999998309838], [0.6, 1.075, 0.5625, 3.7923564988209e-08, 6.836504668418399e-08, -0.0009820818013717147, 0.9999995177575484], [0.6, 0.8000057601488304, 0.5625, 3.071012527623134e-08, 2.2171811830454326e-08, 1.8385622863714705e-05, 0.9999999998309838])",100,True,34.5259126478799,"['/column1', '/column0', '/column2']"
4,"([0.35, 0.8, 0.5625, 3.071012527623134e-08, 2.2171811830454326e-08, 1.8385622863714705e-05, 0.9999999998309838], [0.6, 1.075, 0.5625, 3.7923564988209e-08, 6.836504668418399e-08, -0.0009820818013717147, 0.9999995177575484], [0.6, 0.8000057601488304, 0.5625, 3.071012527623134e-08, 2.2171811830454326e-08, 1.8385622863714705e-05, 0.9999999998309838])",100,True,36.2242226783772,"['/column1', '/column0', '/column2']"
5,"([0.35, 0.8, 0.5625, 3.071012527623134e-08, 2.2171811830454326e-08, 1.8385622863714705e-05, 0.9999999998309838], [0.6, 1.075, 0.5625, 3.7923564988209e-08, 6.836504668418399e-08, -0.0009820818013717147, 0.9999995177575484], [0.6, 0.8000057601488304, 0.5625, 3.071012527623134e-08, 2.2171811830454326e-08, 1.8385622863714705e-05, 0.9999999998309838])",100,True,32.5659258041701,"['/column1', '/column0', '/column2']"
6,"([0.35, 0.8, 0.5625, 3.071012527623134e-08, 2.2171811830454326e-08, 1.8385622863714705e-05, 0.9999999998309838], [0.6, 1.075, 0.5625, 3.7923564988209e-08, 6.836504668418399e-08, -0.0009820818013717147, 0.9999995177575484], [0.6, 0.8000057601488304, 0.5625, 3.071012527623134e-08, 2.2171811830454326e-08, 1.8385622863714705e-05, 0.9999999998309838])",100,True,32.364067102714,"['/column1', '/column0', '/column2']"
7,"([0.35, 0.8, 0.5625, 3.071012527623134e-08, 2.2171811830454326e-08, 1.8385622863714705e-05, 0.9999999998309838], [0.6, 1.075, 0.5625, 3.7923564988209e-08, 6.836504668418399e-08, -0.0009820818013717147, 0.9999995177575484], [0.6, 0.8000057601488304, 0.5625, 3.071012527623134e-08, 2.2171811830454326e-08, 1.8385622863714705e-05, 0.9999999998309838])",100,True,32.4307830105612,"['/column1', '/column0', '/column2']"
8,"([0.35, 0.8, 0.5625, 3.071012527623134e-08, 2.2171811830454326e-08, 1.8385622863714705e-05, 0.9999999998309838], [0.6, 1.075, 0.5625, 3.7923564988209e-08, 6.836504668418399e-08, -0.0009820818013717147, 0.9999995177575484], [0.6, 0.8000057601488304, 0.5625, 3.071012527623134e-08, 2.2171811830454326e-08, 1.8385622863714705e-05, 0.9999999998309838])",100,True,32.1609893522313,"['/column1', '/column0', '/column2']"
9,"([0.35, 0.8, 0.5625, 3.071012527623134e-08, 2.2171811830454326e-08, 1.8385622863714705e-05, 0.9999999998309838], [0.6, 1.075, 0.5625, 3.7923564988209e-08, 6.836504668418399e-08, -0.0009820818013717147, 0.9999995177575484], [0.6, 0.8000057601488304, 0.5625, 3.071012527623134e-08, 2.2171811830454326e-08, 1.8385622863714705e-05, 0.9999999998309838])",100,True,32.5314699492897,"['/column1', '/column0', '/column2']"
run,initial_permutation,goal_percentage,goal_achieved,total_task_time,final_goal_region_occupancy
run,initial_permutation,goal_percentage,goal_achieved,total_task_time,final_goal_region_occupancy
0,"([0.35, 0.8, 0.5625, 3.071012527623134e-08, 2.2171811830454326e-08, 1.8385622863714705e-05, 0.9999999998309838], [0.6, 0.8000057601488304, 0.5625, 3.071012527623134e-08, 2.2171811830454326e-08, 1.8385622863714705e-05, 0.9999999998309838], [0.6, 1.075, 0.5625, 3.7923564988209e-08, 6.836504668418399e-08, -0.0009820818013717147, 0.9999995177575484])",0,False,2.438396182259,"['None', 'None', 'None']"
run,initial_permutation,goal_percentage,goal_achieved,total_task_time,final_goal_region_occupancy
0,"([0.35, 0.8, 0.5625, 3.071012527623134e-08, 2.2171811830454326e-08, 1.8385622863714705e-05, 0.9999999998309838], [0.6, 0.8000057601488304, 0.5625, 3.071012527623134e-08, 2.2171811830454326e-08, 1.8385622863714705e-05, 0.9999999998309838], [0.6, 1.075, 0.5625, 3.7923564988209e-08, 6.836504668418399e-08, -0.0009820818013717147, 0.9999995177575484])",0,False,2.43863598094249,"['None', 'None', 'None']"
1,"([0.35, 0.8, 0.5625, 3.071012527623134e-08, 2.2171811830454326e-08, 1.8385622863714705e-05, 0.9999999998309838], [0.6, 0.8000057601488304, 0.5625, 3.071012527623134e-08, 2.2171811830454326e-08, 1.8385622863714705e-05, 0.9999999998309838], [0.6, 1.075, 0.5625, 3.7923564988209e-08, 6.836504668418399e-08, -0.0009820818013717147, 0.9999995177575484])",0,False,2.43833715929587,"['None', 'None', 'None']"
2,"([0.35, 0.8, 0.5625, 3.071012527623134e-08, 2.2171811830454326e-08, 1.8385622863714705e-05, 0.9999999998309838], [0.6, 0.8000057601488304, 0.5625, 3.071012527623134e-08, 2.2171811830454326e-08, 1.8385622863714705e-05, 0.9999999998309838], [0.6, 1.075, 0.5625, 3.7923564988209e-08, 6.836504668418399e-08, -0.0009820818013717147, 0.9999995177575484])",0,False,2.43854727415612,"['None', 'None', 'None']"
3,"([0.35, 0.8, 0.5625, 3.071012527623134e-08, 2.2171811830454326e-08, 1.8385622863714705e-05, 0.9999999998309838], [0.6, 0.8000057601488304, 0.5625, 3.071012527623134e-08, 2.2171811830454326e-08, 1.8385622863714705e-05, 0.9999999998309838], [0.6, 1.075, 0.5625, 3.7923564988209e-08, 6.836504668418399e-08, -0.0009820818013717147, 0.9999995177575484])",0,False,2.43861180161044,"['None', 'None', 'None']"
4,"([0.35, 0.8, 0.5625, 3.071012527623134e-08, 2.2171811830454326e-08, 1.8385622863714705e-05, 0.9999999998309838], [0.6, 0.8000057601488304, 0.5625, 3.071012527623134e-08, 2.2171811830454326e-08, 1.8385622863714705e-05, 0.9999999998309838], [0.6, 1.075, 0.5625, 3.7923564988209e-08, 6.836504668418399e-08, -0.0009820818013717147, 0.9999995177575484])",0,False,2.43851423974836,"['None', 'None', 'None']"
5,"([0.35, 0.8, 0.5625, 3.071012527623134e-08, 2.2171811830454326e-08, 1.8385622863714705e-05, 0.9999999998309838], [0.6, 0.8000057601488304, 0.5625, 3.071012527623134e-08, 2.2171811830454326e-08, 1.8385622863714705e-05, 0.9999999998309838], [0.6, 1.075, 0.5625, 3.7923564988209e-08, 6.836504668418399e-08, -0.0009820818013717147, 0.9999995177575484])",0,False,2.43858839167893,"['None', 'None', 'None']"
6,"([0.35, 0.8, 0.5625, 3.071012527623134e-08, 2.2171811830454326e-08, 1.8385622863714705e-05, 0.9999999998309838], [0.6, 0.8000057601488304, 0.5625, 3.071012527623134e-08, 2.2171811830454326e-08, 1.8385622863714705e-05, 0.9999999998309838], [0.6, 1.075, 0.5625, 3.7923564988209e-08, 6.836504668418399e-08, -0.0009820818013717147, 0.9999995177575484])",0,False,2.43850018492977,"['None', 'None', 'None']"
7,"([0.35, 0.8, 0.5625, 3.071012527623134e-08, 2.2171811830454326e-08, 1.8385622863714705e-05, 0.9999999998309838], [0.6, 0.8000057601488304, 0.5625, 3.071012527623134e-08, 2.2171811830454326e-08, 1.8385622863714705e-05, 0.9999999998309838], [0.6, 1.075, 0.5625, 3.7923564988209e-08, 6.836504668418399e-08, -0.0009820818013717147, 0.9999995177575484])",0,False,2.43876934567778,"['None', 'None', 'None']"
8,"([0.35, 0.8, 0.5625, 3.071012527623134e-08, 2.2171811830454326e-08, 1.8385622863714705e-05, 0.9999999998309838], [0.6, 0.8000057601488304, 0.5625, 3.071012527623134e-08, 2.2171811830454326e-08, 1.8385622863714705e-05, 0.9999999998309838], [0.6, 1.075, 0.5625, 3.7923564988209e-08, 6.836504668418399e-08, -0.0009820818013717147, 0.9999995177575484])",0,False,2.43834321781944,"['None', 'None', 'None']"
9,"([0.35, 0.8, 0.5625, 3.071012527623134e-08, 2.2171811830454326e-08, 1.8385622863714705e-05, 0.9999999998309838], [0.6, 0.8000057601488304, 0.5625, 3.071012527623134e-08, 2.2171811830454326e-08, 1.8385622863714705e-05, 0.9999999998309838], [0.6, 1.075, 0.5625, 3.7923564988209e-08, 6.836504668418399e-08, -0.0009820818013717147, 0.9999995177575484])",0,False,2.43877855921215,"['None', 'None', 'None']"
0,"([0.35, 0.8, 0.5625, 3.071012527623134e-08, 2.2171811830454326e-08, 1.8385622863714705e-05, 0.9999999998309838], [0.6, 1.075, 0.5625, 3.7923564988209e-08, 6.836504668418399e-08, -0.0009820818013717147, 0.9999995177575484], [0.6, 0.8000057601488304, 0.5625, 3.071012527623134e-08, 2.2171811830454326e-08, 1.8385622863714705e-05, 0.9999999998309838])",0,False,2.43823716914791,"['None', 'None', 'None']"
1,"([0.35, 0.8, 0.5625, 3.071012527623134e-08, 2.2171811830454326e-08, 1.8385622863714705e-05, 0.9999999998309838], [0.6, 1.075, 0.5625, 3.7923564988209e-08, 6.836504668418399e-08, -0.0009820818013717147, 0.9999995177575484], [0.6, 0.8000057601488304, 0.5625, 3.071012527623134e-08, 2.2171811830454326e-08, 1.8385622863714705e-05, 0.9999999998309838])",0,False,2.43852368768432,"['None', 'None', 'None']"
2,"([0.35, 0.8, 0.5625, 3.071012527623134e-08, 2.2171811830454326e-08, 1.8385622863714705e-05, 0.9999999998309838], [0.6, 1.075, 0.5625, 3.7923564988209e-08, 6.836504668418399e-08, -0.0009820818013717147, 0.9999995177575484], [0.6, 0.8000057601488304, 0.5625, 3.071012527623134e-08, 2.2171811830454326e-08, 1.8385622863714705e-05, 0.9999999998309838])",0,False,2.43856593777224,"['None', 'None', 'None']"
3,"([0.35, 0.8, 0.5625, 3.071012527623134e-08, 2.2171811830454326e-08, 1.8385622863714705e-05, 0.9999999998309838], [0.6, 1.075, 0.5625, 3.7923564988209e-08, 6.836504668418399e-08, -0.0009820818013717147, 0.9999995177575484], [0.6, 0.8000057601488304, 0.5625, 3.071012527623134e-08, 2.2171811830454326e-08, 1.8385622863714705e-05, 0.9999999998309838])",0,False,2.43852746896729,"['None', 'None', 'None']"
4,"([0.35, 0.8, 0.5625, 3.071012527623134e-08, 2.2171811830454326e-08, 1.8385622863714705e-05, 0.9999999998309838], [0.6, 1.075, 0.5625, 3.7923564988209e-08, 6.836504668418399e-08, -0.0009820818013717147, 0.9999995177575484], [0.6, 0.8000057601488304, 0.5625, 3.071012527623134e-08, 2.2171811830454326e-08, 1.8385622863714705e-05, 0.9999999998309838])",0,False,2.43832353284479,"['None', 'None', 'None']"
5,"([0.35, 0.8, 0.5625, 3.071012527623134e-08, 2.2171811830454326e-08, 1.8385622863714705e-05, 0.9999999998309838], [0.6, 1.075, 0.5625, 3.7923564988209e-08, 6.836504668418399e-08, -0.0009820818013717147, 0.9999995177575484], [0.6, 0.8000057601488304, 0.5625, 3.071012527623134e-08, 2.2171811830454326e-08, 1.8385622863714705e-05, 0.9999999998309838])",0,False,2.43834941593522,"['None', 'None', 'None']"
6,"([0.35, 0.8, 0.5625, 3.071012527623134e-08, 2.2171811830454326e-08, 1.8385622863714705e-05, 0.9999999998309838], [0.6, 1.075, 0.5625, 3.7923564988209e-08, 6.836504668418399e-08, -0.0009820818013717147, 0.9999995177575484], [0.6, 0.8000057601488304, 0.5625, 3.071012527623134e-08, 2.2171811830454326e-08, 1.8385622863714705e-05, 0.9999999998309838])",0,False,2.43856757111665,"['None', 'None', 'None']"
7,"([0.35, 0.8, 0.5625, 3.071012527623134e-08, 2.2171811830454326e-08, 1.8385622863714705e-05, 0.9999999998309838], [0.6, 1.075, 0.5625, 3.7923564988209e-08, 6.836504668418399e-08, -0.0009820818013717147, 0.9999995177575484], [0.6, 0.8000057601488304, 0.5625, 3.071012527623134e-08, 2.2171811830454326e-08, 1.8385622863714705e-05, 0.9999999998309838])",0,False,2.438761998777,"['None', 'None', 'None']"
8,"([0.35, 0.8, 0.5625, 3.071012527623134e-08, 2.2171811830454326e-08, 1.8385622863714705e-05, 0.9999999998309838], [0.6, 1.075, 0.5625, 3.7923564988209e-08, 6.836504668418399e-08, -0.0009820818013717147, 0.9999995177575484], [0.6, 0.8000057601488304, 0.5625, 3.071012527623134e-08, 2.2171811830454326e-08, 1.8385622863714705e-05, 0.9999999998309838])",0,False,2.43856901764937,"['None', 'None', 'None']"
9,"([0.35, 0.8, 0.5625, 3.071012527623134e-08, 2.2171811830454326e-08, 1.8385622863714705e-05, 0.9999999998309838], [0.6, 1.075, 0.5625, 3.7923564988209e-08, 6.836504668418399e-08, -0.0009820818013717147, 0.9999995177575484], [0.6, 0.8000057601488304, 0.5625, 3.071012527623134e-08, 2.2171811830454326e-08, 1.8385622863714705e-05, 0.9999999998309838])",0,False,2.43890176251259,"['None', 'None', 'None']"
0,"([0.6, 0.8000057601488304, 0.5625, 3.071012527623134e-08, 2.2171811830454326e-08, 1.8385622863714705e-05, 0.9999999998309838], [0.35, 0.8, 0.5625, 3.071012527623134e-08, 2.2171811830454326e-08, 1.8385622863714705e-05, 0.9999999998309838], [0.6, 1.075, 0.5625, 3.7923564988209e-08, 6.836504668418399e-08, -0.0009820818013717147, 0.9999995177575484])",0,False,2.43844221201347,"['None', 'None', 'None']"
1,"([0.6, 0.8000057601488304, 0.5625, 3.071012527623134e-08, 2.2171811830454326e-08, 1.8385622863714705e-05, 0.9999999998309838], [0.35, 0.8, 0.5625, 3.071012527623134e-08, 2.2171811830454326e-08, 1.8385622863714705e-05, 0.9999999998309838], [0.6, 1.075, 0.5625, 3.7923564988209e-08, 6.836504668418399e-08, -0.0009820818013717147, 0.9999995177575484])",0,False,2.43856943803103,"['None', 'None', 'None']"
2,"([0.6, 0.8000057601488304, 0.5625, 3.071012527623134e-08, 2.2171811830454326e-08, 1.8385622863714705e-05, 0.9999999998309838], [0.35, 0.8, 0.5625, 3.071012527623134e-08, 2.2171811830454326e-08, 1.8385622863714705e-05, 0.9999999998309838], [0.6, 1.075, 0.5625, 3.7923564988209e-08, 6.836504668418399e-08, -0.0009820818013717147, 0.9999995177575484])",0,False,2.43861717471509,"['None', 'None', 'None']"
3,"([0.6, 0.8000057601488304, 0.5625, 3.071012527623134e-08, 2.2171811830454326e-08, 1.8385622863714705e-05, 0.9999999998309838], [0.35, 0.8, 0.5625, 3.071012527623134e-08, 2.2171811830454326e-08, 1.8385622863714705e-05, 0.9999999998309838], [0.6, 1.075, 0.5625, 3.7923564988209e-08, 6.836504668418399e-08, -0.0009820818013717147, 0.9999995177575484])",0,False,2.43841100278982,"['None', 'None', 'None']"
4,"([0.6, 0.8000057601488304, 0.5625, 3.071012527623134e-08, 2.2171811830454326e-08, 1.8385622863714705e-05, 0.9999999998309838], [0.35, 0.8, 0.5625, 3.071012527623134e-08, 2.2171811830454326e-08, 1.8385622863714705e-05, 0.9999999998309838], [0.6, 1.075, 0.5625, 3.7923564988209e-08, 6.836504668418399e-08, -0.0009820818013717147, 0.9999995177575484])",0,False,2.43847278047194,"['None', 'None', 'None']"
5,"([0.6, 0.8000057601488304, 0.5625, 3.071012527623134e-08, 2.2171811830454326e-08, 1.8385622863714705e-05, 0.9999999998309838], [0.35, 0.8, 0.5625, 3.071012527623134e-08, 2.2171811830454326e-08, 1.8385622863714705e-05, 0.9999999998309838], [0.6, 1.075, 0.5625, 3.7923564988209e-08, 6.836504668418399e-08, -0.0009820818013717147, 0.9999995177575484])",0,False,2.43831546482183,"['None', 'None', 'None']"
6,"([0.6, 0.8000057601488304, 0.5625, 3.071012527623134e-08, 2.2171811830454326e-08, 1.8385622863714705e-05, 0.9999999998309838], [0.35, 0.8, 0.5625, 3.071012527623134e-08, 2.2171811830454326e-08, 1.8385622863714705e-05, 0.9999999998309838], [0.6, 1.075, 0.5625, 3.7923564988209e-08, 6.836504668418399e-08, -0.0009820818013717147, 0.9999995177575484])",0,False,2.43869839438651,"['None', 'None', 'None']"
7,"([0.6, 0.8000057601488304, 0.5625, 3.071012527623134e-08, 2.2171811830454326e-08, 1.8385622863714705e-05, 0.9999999998309838], [0.35, 0.8, 0.5625, 3.071012527623134e-08, 2.2171811830454326e-08, 1.8385622863714705e-05, 0.9999999998309838], [0.6, 1.075, 0.5625, 3.7923564988209e-08, 6.836504668418399e-08, -0.0009820818013717147, 0.9999995177575484])",0,False,2.43838564015356,"['None', 'None', 'None']"
8,"([0.6, 0.8000057601488304, 0.5625, 3.071012527623134e-08, 2.2171811830454326e-08, 1.8385622863714705e-05, 0.9999999998309838], [0.35, 0.8, 0.5625, 3.071012527623134e-08, 2.2171811830454326e-08, 1.8385622863714705e-05, 0.9999999998309838], [0.6, 1.075, 0.5625, 3.7923564988209e-08, 6.836504668418399e-08, -0.0009820818013717147, 0.9999995177575484])",0,False,2.43850601598962,"['None', 'None', 'None']"
9,"([0.6, 0.8000057601488304, 0.5625, 3.071012527623134e-08, 2.2171811830454326e-08, 1.8385622863714705e-05, 0.9999999998309838], [0.35, 0.8, 0.5625, 3.071012527623134e-08, 2.2171811830454326e-08, 1.8385622863714705e-05, 0.9999999998309838], [0.6, 1.075, 0.5625, 3.7923564988209e-08, 6.836504668418399e-08, -0.0009820818013717147, 0.9999995177575484])",0,False,2.43866512257171,"['None', 'None', 'None']"
0,"([0.6, 0.8000057601488304, 0.5625, 3.071012527623134e-08, 2.2171811830454326e-08, 1.8385622863714705e-05, 0.9999999998309838], [0.6, 1.075, 0.5625, 3.7923564988209e-08, 6.836504668418399e-08, -0.0009820818013717147, 0.9999995177575484], [0.35, 0.8, 0.5625, 3.071012527623134e-08, 2.2171811830454326e-08, 1.8385622863714705e-05, 0.9999999998309838])",0,False,2.43836958127934,"['None', 'None', 'None']"
run,initial_permutation,goal_percentage,goal_achieved,total_task_time,final_goal_region_occupancy
0,"([0.35, 0.8, 0.5625, 3.071012527623134e-08, 2.2171811830454326e-08, 1.8385622863714705e-05, 0.9999999998309838], [0.6, 0.8000057601488304, 0.5625, 3.071012527623134e-08, 2.2171811830454326e-08, 1.8385622863714705e-05, 0.9999999998309838], [0.6, 1.075, 0.5625, 3.7923564988209e-08, 6.836504668418399e-08, -0.0009820818013717147, 0.9999995177575484])",0,False,2.62395822096255,"['None', 'None', 'None']"
1,"([0.35, 0.8, 0.5625, 3.071012527623134e-08, 2.2171811830454326e-08, 1.8385622863714705e-05, 0.9999999998309838], [0.6, 0.8000057601488304, 0.5625, 3.071012527623134e-08, 2.2171811830454326e-08, 1.8385622863714705e-05, 0.9999999998309838], [0.6, 1.075, 0.5625, 3.7923564988209e-08, 6.836504668418399e-08, -0.0009820818013717147, 0.9999995177575484])",0,False,2.62489066175439,"['None', 'None', 'None']"
2,"([0.35, 0.8, 0.5625, 3.071012527623134e-08, 2.2171811830454326e-08, 1.8385622863714705e-05, 0.9999999998309838], [0.6, 0.8000057601488304, 0.5625, 3.071012527623134e-08, 2.2171811830454326e-08, 1.8385622863714705e-05, 0.9999999998309838], [0.6, 1.075, 0.5625, 3.7923564988209e-08, 6.836504668418399e-08, -0.0009820818013717147, 0.9999995177575484])",0,False,2.62438527088512,"['None', 'None', 'None']"
3,"([0.35, 0.8, 0.5625, 3.071012527623134e-08, 2.2171811830454326e-08, 1.8385622863714705e-05, 0.9999999998309838], [0.6, 0.8000057601488304, 0.5625, 3.071012527623134e-08, 2.2171811830454326e-08, 1.8385622863714705e-05, 0.9999999998309838], [0.6, 1.075, 0.5625, 3.7923564988209e-08, 6.836504668418399e-08, -0.0009820818013717147, 0.9999995177575484])",0,False,2.62427113013254,"['None', 'None', 'None']"
4,"([0.35, 0.8, 0.5625, 3.071012527623134e-08, 2.2171811830454326e-08, 1.8385622863714705e-05, 0.9999999998309838], [0.6, 0.8000057601488304, 0.5625, 3.071012527623134e-08, 2.2171811830454326e-08, 1.8385622863714705e-05, 0.9999999998309838], [0.6, 1.075, 0.5625, 3.7923564988209e-08, 6.836504668418399e-08, -0.0009820818013717147, 0.9999995177575484])",0,False,2.62490119282139,"['None', 'None', 'None']"
5,"([0.35, 0.8, 0.5625, 3.071012527623134e-08, 2.2171811830454326e-08, 1.8385622863714705e-05, 0.9999999998309838], [0.6, 0.8000057601488304, 0.5625, 3.071012527623134e-08, 2.2171811830454326e-08, 1.8385622863714705e-05, 0.9999999998309838], [0.6, 1.075, 0.5625, 3.7923564988209e-08, 6.836504668418399e-08, -0.0009820818013717147, 0.9999995177575484])",0,False,2.62459685854281,"['None', 'None', 'None']"
6,"([0.35, 0.8, 0.5625, 3.071012527623134e-08, 2.2171811830454326e-08, 1.8385622863714705e-05, 0.9999999998309838], [0.6, 0.8000057601488304, 0.5625, 3.071012527623134e-08, 2.2171811830454326e-08, 1.8385622863714705e-05, 0.9999999998309838], [0.6, 1.075, 0.5625, 3.7923564988209e-08, 6.836504668418399e-08, -0.0009820818013717147, 0.9999995177575484])",0,False,2.62412777924316,"['None', 'None', 'None']"
7,"([0.35, 0.8, 0.5625, 3.071012527623134e-08, 2.2171811830454326e-08, 1.8385622863714705e-05, 0.9999999998309838], [0.6, 0.8000057601488304, 0.5625, 3.071012527623134e-08, 2.2171811830454326e-08, 1.8385622863714705e-05, 0.9999999998309838], [0.6, 1.075, 0.5625, 3.7923564988209e-08, 6.836504668418399e-08, -0.0009820818013717147, 0.9999995177575484])",0,False,2.62446888191298,"['None', 'None', 'None']"
8,"([0.35, 0.8, 0.5625, 3.071012527623134e-08, 2.2171811830454326e-08, 1.8385622863714705e-05, 0.9999999998309838], [0.6, 0.8000057601488304, 0.5625, 3.071012527623134e-08, 2.2171811830454326e-08, 1.8385622863714705e-05, 0.9999999998309838], [0.6, 1.075, 0.5625, 3.7923564988209e-08, 6.836504668418399e-08, -0.0009820818013717147, 0.9999995177575484])",0,False,2.62478044513211,"['None', 'None', 'None']"
9,"([0.35, 0.8, 0.5625, 3.071012527623134e-08, 2.2171811830454326e-08, 1.8385622863714705e-05, 0.9999999998309838], [0.6, 0.8000057601488304, 0.5625, 3.071012527623134e-08, 2.2171811830454326e-08, 1.8385622863714705e-05, 0.9999999998309838], [0.6, 1.075, 0.5625, 3.7923564988209e-08, 6.836504668418399e-08, -0.0009820818013717147, 0.9999995177575484])",0,False,2.62381832617434,"['None', 'None', 'None']"
0,"([0.35, 0.8, 0.5625, 3.071012527623134e-08, 2.2171811830454326e-08, 1.8385622863714705e-05, 0.9999999998309838], [0.6, 1.075, 0.5625, 3.7923564988209e-08, 6.836504668418399e-08, -0.0009820818013717147, 0.9999995177575484], [0.6, 0.8000057601488304, 0.5625, 3.071012527623134e-08, 2.2171811830454326e-08, 1.8385622863714705e-05, 0.9999999998309838])",0,False,2.62386269072848,"['None', 'None', 'None']"
1,"([0.35, 0.8, 0.5625, 3.071012527623134e-08, 2.2171811830454326e-08, 1.8385622863714705e-05, 0.9999999998309838], [0.6, 1.075, 0.5625, 3.7923564988209e-08, 6.836504668418399e-08, -0.0009820818013717147, 0.9999995177575484], [0.6, 0.8000057601488304, 0.5625, 3.071012527623134e-08, 2.2171811830454326e-08, 1.8385622863714705e-05, 0.9999999998309838])",0,False,2.62354135310828,"['None', 'None', 'None']"
2,"([0.35, 0.8, 0.5625, 3.071012527623134e-08, 2.2171811830454326e-08, 1.8385622863714705e-05, 0.9999999998309838], [0.6, 1.075, 0.5625, 3.7923564988209e-08, 6.836504668418399e-08, -0.0009820818013717147, 0.9999995177575484], [0.6, 0.8000057601488304, 0.5625, 3.071012527623134e-08, 2.2171811830454326e-08, 1.8385622863714705e-05, 0.9999999998309838])",0,False,2.6249026563361,"['None', 'None', 'None']"
3,"([0.35, 0.8, 0.5625, 3.071012527623134e-08, 2.2171811830454326e-08, 1.8385622863714705e-05, 0.9999999998309838], [0.6, 1.075, 0.5625, 3.7923564988209e-08, 6.836504668418399e-08, -0.0009820818013717147, 0.9999995177575484], [0.6, 0.8000057601488304, 0.5625, 3.071012527623134e-08, 2.2171811830454326e-08, 1.8385622863714705e-05, 0.9999999998309838])",0,False,2.62369591259553,"['None', 'None', 'None']"
4,"([0.35, 0.8, 0.5625, 3.071012527623134e-08, 2.2171811830454326e-08, 1.8385622863714705e-05, 0.9999999998309838], [0.6, 1.075, 0.5625, 3.7923564988209e-08, 6.836504668418399e-08, -0.0009820818013717147, 0.9999995177575484], [0.6, 0.8000057601488304, 0.5625, 3.071012527623134e-08, 2.2171811830454326e-08, 1.8385622863714705e-05, 0.9999999998309838])",0,False,2.62422624638253,"['None', 'None', 'None']"
5,"([0.35, 0.8, 0.5625, 3.071012527623134e-08, 2.2171811830454326e-08, 1.8385622863714705e-05, 0.9999999998309838], [0.6, 1.075, 0.5625, 3.7923564988209e-08, 6.836504668418399e-08, -0.0009820818013717147, 0.9999995177575484], [0.6, 0.8000057601488304, 0.5625, 3.071012527623134e-08, 2.2171811830454326e-08, 1.8385622863714705e-05, 0.9999999998309838])",0,False,2.62432815351961,"['None', 'None', 'None']"
6,"([0.35, 0.8, 0.5625, 3.071012527623134e-08, 2.2171811830454326e-08, 1.8385622863714705e-05, 0.9999999998309838], [0.6, 1.075, 0.5625, 3.7923564988209e-08, 6.836504668418399e-08, -0.0009820818013717147, 0.9999995177575484], [0.6, 0.8000057601488304, 0.5625, 3.071012527623134e-08, 2.2171811830454326e-08, 1.8385622863714705e-05, 0.9999999998309838])",0,False,2.62405156291495,"['None', 'None', 'None']"
7,"([0.35, 0.8, 0.5625, 3.071012527623134e-08, 2.2171811830454326e-08, 1.8385622863714705e-05, 0.9999999998309838], [0.6, 1.075, 0.5625, 3.7923564988209e-08, 6.836504668418399e-08, -0.0009820818013717147, 0.9999995177575484], [0.6, 0.8000057601488304, 0.5625, 3.071012527623134e-08, 2.2171811830454326e-08, 1.8385622863714705e-05, 0.9999999998309838])",0,False,2.6239816869643,"['None', 'None', 'None']"
8,"([0.35, 0.8, 0.5625, 3.071012527623134e-08, 2.2171811830454326e-08, 1.8385622863714705e-05, 0.9999999998309838], [0.6, 1.075, 0.5625, 3.7923564988209e-08, 6.836504668418399e-08, -0.0009820818013717147, 0.9999995177575484], [0.6, 0.8000057601488304, 0.5625, 3.071012527623134e-08, 2.2171811830454326e-08, 1.8385622863714705e-05, 0.9999999998309838])",0,False,2.62411310356415,"['None', 'None', 'None']"
9,"([0.35, 0.8, 0.5625, 3.071012527623134e-08, 2.2171811830454326e-08, 1.8385622863714705e-05, 0.9999999998309838], [0.6, 1.075, 0.5625, 3.7923564988209e-08, 6.836504668418399e-08, -0.0009820818013717147, 0.9999995177575484], [0.6, 0.8000057601488304, 0.5625, 3.071012527623134e-08, 2.2171811830454326e-08, 1.8385622863714705e-05, 0.9999999998309838])",0,False,2.6238813220297,"['None', 'None', 'None']"
0,"([0.6, 0.8000057601488304, 0.5625, 3.071012527623134e-08, 2.2171811830454326e-08, 1.8385622863714705e-05, 0.9999999998309838], [0.35, 0.8, 0.5625, 3.071012527623134e-08, 2.2171811830454326e-08, 1.8385622863714705e-05, 0.9999999998309838], [0.6, 1.075, 0.5625, 3.7923564988209e-08, 6.836504668418399e-08, -0.0009820818013717147, 0.9999995177575484])",0,False,2.6246309446331,"['None', 'None', 'None']"
1,"([0.6, 0.8000057601488304, 0.5625, 3.071012527623134e-08, 2.2171811830454326e-08, 1.8385622863714705e-05, 0.9999999998309838], [0.35, 0.8, 0.5625, 3.071012527623134e-08, 2.2171811830454326e-08, 1.8385622863714705e-05, 0.9999999998309838], [0.6, 1.075, 0.5625, 3.7923564988209e-08, 6.836504668418399e-08, -0.0009820818013717147, 0.9999995177575484])",0,False,2.62469034952557,"['None', 'None', 'None']"
2,"([0.6, 0.8000057601488304, 0.5625, 3.071012527623134e-08, 2.2171811830454326e-08, 1.8385622863714705e-05, 0.9999999998309838], [0.35, 0.8, 0.5625, 3.071012527623134e-08, 2.2171811830454326e-08, 1.8385622863714705e-05, 0.9999999998309838], [0.6, 1.075, 0.5625, 3.7923564988209e-08, 6.836504668418399e-08, -0.0009820818013717147, 0.9999995177575484])",0,False,2.62398538281225,"['None', 'None', 'None']"
3,"([0.6, 0.8000057601488304, 0.5625, 3.071012527623134e-08, 2.2171811830454326e-08, 1.8385622863714705e-05, 0.9999999998309838], [0.35, 0.8, 0.5625, 3.071012527623134e-08, 2.2171811830454326e-08, 1.8385622863714705e-05, 0.9999999998309838], [0.6, 1.075, 0.5625, 3.7923564988209e-08, 6.836504668418399e-08, -0.0009820818013717147, 0.9999995177575484])",0,False,2.62370416406465,"['None', 'None', 'None']"
4,"([0.6, 0.8000057601488304, 0.5625, 3.071012527623134e-08, 2.2171811830454326e-08, 1.8385622863714705e-05, 0.9999999998309838], [0.35, 0.8, 0.5625, 3.071012527623134e-08, 2.2171811830454326e-08, 1.8385622863714705e-05, 0.9999999998309838], [0.6, 1.075, 0.5625, 3.7923564988209e-08, 6.836504668418399e-08, -0.0009820818013717147, 0.9999995177575484])",0,False,2.62431862195355,"['None', 'None', 'None']"
5,"([0.6, 0.8000057601488304, 0.5625, 3.071012527623134e-08, 2.2171811830454326e-08, 1.8385622863714705e-05, 0.9999999998309838], [0.35, 0.8, 0.5625, 3.071012527623134e-08, 2.2171811830454326e-08, 1.8385622863714705e-05, 0.9999999998309838], [0.6, 1.075, 0.5625, 3.7923564988209e-08, 6.836504668418399e-08, -0.0009820818013717147, 0.9999995177575484])",0,False,2.6243577149438,"['None', 'None', 'None']"
6,"([0.6, 0.8000057601488304, 0.5625, 3.071012527623134e-08, 2.2171811830454326e-08, 1.8385622863714705e-05, 0.9999999998309838], [0.35, 0.8, 0.5625, 3.071012527623134e-08, 2.2171811830454326e-08, 1.8385622863714705e-05, 0.9999999998309838], [0.6, 1.075, 0.5625, 3.7923564988209e-08, 6.836504668418399e-08, -0.0009820818013717147, 0.9999995177575484])",0,False,2.62374303940326,"['None', 'None', 'None']"
7,"([0.6, 0.8000057601488304, 0.5625, 3.071012527623134e-08, 2.2171811830454326e-08, 1.8385622863714705e-05, 0.9999999998309838], [0.35, 0.8, 0.5625, 3.071012527623134e-08, 2.2171811830454326e-08, 1.8385622863714705e-05, 0.9999999998309838], [0.6, 1.075, 0.5625, 3.7923564988209e-08, 6.836504668418399e-08, -0.0009820818013717147, 0.9999995177575484])",0,False,2.62460909142611,"['None', 'None', 'None']"
8,"([0.6, 0.8000057601488304, 0.5625, 3.071012527623134e-08, 2.2171811830454326e-08, 1.8385622863714705e-05, 0.9999999998309838], [0.35, 0.8, 0.5625, 3.071012527623134e-08, 2.2171811830454326e-08, 1.8385622863714705e-05, 0.9999999998309838], [0.6, 1.075, 0.5625, 3.7923564988209e-08, 6.836504668418399e-08, -0.0009820818013717147, 0.9999995177575484])",0,False,2.62440471256451,"['None', 'None', 'None']"
9,"([0.6, 0.8000057601488304, 0.5625, 3.071012527623134e-08, 2.2171811830454326e-08, 1.8385622863714705e-05, 0.9999999998309838], [0.35, 0.8, 0.5625, 3.071012527623134e-08, 2.2171811830454326e-08, 1.8385622863714705e-05, 0.9999999998309838], [0.6, 1.075, 0.5625, 3.7923564988209e-08, 6.836504668418399e-08, -0.0009820818013717147, 0.9999995177575484])",0,False,2.62486873814391,"['None', 'None', 'None']"
0,"([0.6, 0.8000057601488304, 0.5625, 3.071012527623134e-08, 2.2171811830454326e-08, 1.8385622863714705e-05, 0.9999999998309838], [0.6, 1.075, 0.5625, 3.7923564988209e-08, 6.836504668418399e-08, -0.0009820818013717147, 0.9999995177575484], [0.35, 0.8, 0.5625, 3.071012527623134e-08, 2.2171811830454326e-08, 1.8385622863714705e-05, 0.9999999998309838])",0,False,2.62368392727408,"['None', 'None', 'None']"
1,"([0.6, 0.8000057601488304, 0.5625, 3.071012527623134e-08, 2.2171811830454326e-08, 1.8385622863714705e-05, 0.9999999998309838], [0.6, 1.075, 0.5625, 3.7923564988209e-08, 6.836504668418399e-08, -0.0009820818013717147, 0.9999995177575484], [0.35, 0.8, 0.5625, 3.071012527623134e-08, 2.2171811830454326e-08, 1.8385622863714705e-05, 0.9999999998309838])",0,False,2.62370545230752,"['None', 'None', 'None']"
2,"([0.6, 0.8000057601488304, 0.5625, 3.071012527623134e-08, 2.2171811830454326e-08, 1.8385622863714705e-05, 0.9999999998309838], [0.6, 1.075, 0.5625, 3.7923564988209e-08, 6.836504668418399e-08, -0.0009820818013717147, 0.9999995177575484], [0.35, 0.8, 0.5625, 3.071012527623134e-08, 2.2171811830454326e-08, 1.8385622863714705e-05, 0.9999999998309838])",0,False,2.62360401685541,"['None', 'None', 'None']"
3,"([0.6, 0.8000057601488304, 0.5625, 3.071012527623134e-08, 2.2171811830454326e-08, 1.8385622863714705e-05, 0.9999999998309838], [0.6, 1.075, 0.5625, 3.7923564988209e-08, 6.836504668418399e-08, -0.0009820818013717147, 0.9999995177575484], [0.35, 0.8, 0.5625, 3.071012527623134e-08, 2.2171811830454326e-08, 1.8385622863714705e-05, 0.9999999998309838])",0,False,2.62410466456663,"['None', 'None', 'None']"
4,"([0.6, 0.8000057601488304, 0.5625, 3.071012527623134e-08, 2.2171811830454326e-08, 1.8385622863714705e-05, 0.9999999998309838], [0.6, 1.075, 0.5625, 3.7923564988209e-08, 6.836504668418399e-08, -0.0009820818013717147, 0.9999995177575484], [0.35, 0.8, 0.5625, 3.071012527623134e-08, 2.2171811830454326e-08, 1.8385622863714705e-05, 0.9999999998309838])",0,False,2.62468378987152,"['None', 'None', 'None']"
5,"([0.6, 0.8000057601488304, 0.5625, 3.071012527623134e-08, 2.2171811830454326e-08, 1.8385622863714705e-05, 0.9999999998309838], [0.6, 1.075, 0.5625, 3.7923564988209e-08, 6.836504668418399e-08, -0.0009820818013717147, 0.9999995177575484], [0.35, 0.8, 0.5625, 3.071012527623134e-08, 2.2171811830454326e-08, 1.8385622863714705e-05, 0.9999999998309838])",0,False,2.6236102903825,"['None', 'None', 'None']"
6,"([0.6, 0.8000057601488304, 0.5625, 3.071012527623134e-08, 2.2171811830454326e-08, 1.8385622863714705e-05, 0.9999999998309838], [0.6, 1.075, 0.5625, 3.7923564988209e-08, 6.836504668418399e-08, -0.0009820818013717147, 0.9999995177575484], [0.35, 0.8, 0.5625, 3.071012527623134e-08, 2.2171811830454326e-08, 1.8385622863714705e-05, 0.9999999998309838])",0,False,2.62391662792966,"['None', 'None', 'None']"
7,"([0.6, 0.8000057601488304, 0.5625, 3.071012527623134e-08, 2.2171811830454326e-08, 1.8385622863714705e-05, 0.9999999998309838], [0.6, 1.075, 0.5625, 3.7923564988209e-08, 6.836504668418399e-08, -0.0009820818013717147, 0.9999995177575484], [0.35, 0.8, 0.5625, 3.071012527623134e-08, 2.2171811830454326e-08, 1.8385622863714705e-05, 0.9999999998309838])",0,False,2.62475082518593,"['None', 'None', 'None']"
8,"([0.6, 0.8000057601488304, 0.5625, 3.071012527623134e-08, 2.2171811830454326e-08, 1.8385622863714705e-05, 0.9999999998309838], [0.6, 1.075, 0.5625, 3.7923564988209e-08, 6.836504668418399e-08, -0.0009820818013717147, 0.9999995177575484], [0.35, 0.8, 0.5625, 3.071012527623134e-08, 2.2171811830454326e-08, 1.8385622863714705e-05, 0.9999999998309838])",0,False,2.62379488481401,"['None', 'None', 'None']"
9,"([0.6, 0.8000057601488304, 0.5625, 3.071012527623134e-08, 2.2171811830454326e-08, 1.8385622863714705e-05, 0.9999999998309838], [0.6, 1.075, 0.5625, 3.7923564988209e-08, 6.836504668418399e-08, -0.0009820818013717147, 0.9999995177575484], [0.35, 0.8, 0.5625, 3.071012527623134e-08, 2.2171811830454326e-08, 1.8385622863714705e-05, 0.9999999998309838])",0,False,2.62423978552754,"['None', 'None', 'None']"
0,"([0.6, 1.075, 0.5625, 3.7923564988209e-08, 6.836504668418399e-08, -0.0009820818013717147, 0.9999995177575484], [0.35, 0.8, 0.5625, 3.071012527623134e-08, 2.2171811830454326e-08, 1.8385622863714705e-05, 0.9999999998309838], [0.6, 0.8000057601488304, 0.5625, 3.071012527623134e-08, 2.2171811830454326e-08, 1.8385622863714705e-05, 0.9999999998309838])",0,False,2.62426402999505,"['None', 'None', 'None']"
1,"([0.6, 1.075, 0.5625, 3.7923564988209e-08, 6.836504668418399e-08, -0.0009820818013717147, 0.9999995177575484], [0.35, 0.8, 0.5625, 3.071012527623134e-08, 2.2171811830454326e-08, 1.8385622863714705e-05, 0.9999999998309838], [0.6, 0.8000057601488304, 0.5625, 3.071012527623134e-08, 2.2171811830454326e-08, 1.8385622863714705e-05, 0.9999999998309838])",0,False,2.62449654915161,"['None', 'None', 'None']"
2,"([0.6, 1.075, 0.5625, 3.7923564988209e-08, 6.836504668418399e-08, -0.0009820818013717147, 0.9999995177575484], [0.35, 0.8, 0.5625, 3.071012527623134e-08, 2.2171811830454326e-08, 1.8385622863714705e-05, 0.9999999998309838], [0.6, 0.8000057601488304, 0.5625, 3.071012527623134e-08, 2.2171811830454326e-08, 1.8385622863714705e-05, 0.9999999998309838])",0,False,2.62423064622944,"['None', 'None', 'None']"
3,"([0.6, 1.075, 0.5625, 3.7923564988209e-08, 6.836504668418399e-08, -0.0009820818013717147, 0.9999995177575484], [0.35, 0.8, 0.5625, 3.071012527623134e-08, 2.2171811830454326e-08, 1.8385622863714705e-05, 0.9999999998309838], [0.6, 0.8000057601488304, 0.5625, 3.071012527623134e-08, 2.2171811830454326e-08, 1.8385622863714705e-05, 0.9999999998309838])",0,False,2.62476102449011,"['None', 'None', 'None']"
4,"([0.6, 1.075, 0.5625, 3.7923564988209e-08, 6.836504668418399e-08, -0.0009820818013717147, 0.9999995177575484], [0.35, 0.8, 0.5625, 3.071012527623134e-08, 2.2171811830454326e-08, 1.8385622863714705e-05, 0.9999999998309838], [0.6, 0.8000057601488304, 0.5625, 3.071012527623134e-08, 2.2171811830454326e-08, 1.8385622863714705e-05, 0.9999999998309838])",0,False,2.62349488484716,"['None', 'None', 'None']"
5,"([0.6, 1.075, 0.5625, 3.7923564988209e-08, 6.836504668418399e-08, -0.0009820818013717147, 0.9999995177575484], [0.35, 0.8, 0.5625, 3.071012527623134e-08, 2.2171811830454326e-08, 1.8385622863714705e-05, 0.9999999998309838], [0.6, 0.8000057601488304, 0.5625, 3.071012527623134e-08, 2.2171811830454326e-08, 1.8385622863714705e-05, 0.9999999998309838])",0,False,2.62453972961625,"['None', 'None', 'None']"
6,"([0.6, 1.075, 0.5625, 3.7923564988209e-08, 6.836504668418399e-08, -0.0009820818013717147, 0.9999995177575484], [0.35, 0.8, 0.5625, 3.071012527623134e-08, 2.2171811830454326e-08, 1.8385622863714705e-05, 0.9999999998309838], [0.6, 0.8000057601488304, 0.5625, 3.071012527623134e-08, 2.2171811830454326e-08, 1.8385622863714705e-05, 0.9999999998309838])",0,False,2.62428181400584,"['None', 'None', 'None']"
7,"([0.6, 1.075, 0.5625, 3.7923564988209e-08, 6.836504668418399e-08, -0.0009820818013717147, 0.9999995177575484], [0.35, 0.8, 0.5625, 3.071012527623134e-08, 2.2171811830454326e-08, 1.8385622863714705e-05, 0.9999999998309838], [0.6, 0.8000057601488304, 0.5625, 3.071012527623134e-08, 2.2171811830454326e-08, 1.8385622863714705e-05, 0.9999999998309838])",0,False,2.62475952794887,"['None', 'None', 'None']"
8,"([0.6, 1.075, 0.5625, 3.7923564988209e-08, 6.836504668418399e-08, -0.0009820818013717147, 0.9999995177575484], [0.35, 0.8, 0.5625, 3.071012527623134e-08, 2.2171811830454326e-08, 1.8385622863714705e-05, 0.9999999998309838], [0.6, 0.8000057601488304, 0.5625, 3.071012527623134e-08, 2.2171811830454326e-08, 1.8385622863714705e-05, 0.9999999998309838])",0,False,2.62411420912508,"['None', 'None', 'None']"
9,"([0.6, 1.075, 0.5625, 3.7923564988209e-08, 6.836504668418399e-08, -0.0009820818013717147, 0.9999995177575484], [0.35, 0.8, 0.5625, 3.071012527623134e-08, 2.2171811830454326e-08, 1.8385622863714705e-05, 0.9999999998309838], [0.6, 0.8000057601488304, 0.5625, 3.071012527623134e-08, 2.2171811830454326e-08, 1.8385622863714705e-05, 0.9999999998309838])",0,False,2.62426588190586,"['None', 'None', 'None']"
0,"([0.6, 1.075, 0.5625, 3.7923564988209e-08, 6.836504668418399e-08, -0.0009820818013717147, 0.9999995177575484], [0.6, 0.8000057601488304, 0.5625, 3.071012527623134e-08, 2.2171811830454326e-08, 1.8385622863714705e-05, 0.9999999998309838], [0.35, 0.8, 0.5625, 3.071012527623134e-08, 2.2171811830454326e-08, 1.8385622863714705e-05, 0.9999999998309838])",0,False,2.62378816122656,"['None', 'None', 'None']"
1,"([0.6, 1.075, 0.5625, 3.7923564988209e-08, 6.836504668418399e-08, -0.0009820818013717147, 0.9999995177575484], [0.6, 0.8000057601488304, 0.5625, 3.071012527623134e-08, 2.2171811830454326e-08, 1.8385622863714705e-05, 0.9999999998309838], [0.35, 0.8, 0.5625, 3.071012527623134e-08, 2.2171811830454326e-08, 1.8385622863714705e-05, 0.9999999998309838])",0,False,2.62456180999176,"['None', 'None', 'None']"
2,"([0.6, 1.075, 0.5625, 3.7923564988209e-08, 6.836504668418399e-08, -0.0009820818013717147, 0.9999995177575484], [0.6, 0.8000057601488304, 0.5625, 3.071012527623134e-08, 2.2171811830454326e-08, 1.8385622863714705e-05, 0.9999999998309838], [0.35, 0.8, 0.5625, 3.071012527623134e-08, 2.2171811830454326e-08, 1.8385622863714705e-05, 0.9999999998309838])",0,False,2.6239010493687,"['None', 'None', 'None']"
3,"([0.6, 1.075, 0.5625, 3.7923564988209e-08, 6.836504668418399e-08, -0.0009820818013717147, 0.9999995177575484], [0.6, 0.8000057601488304, 0.5625, 3.071012527623134e-08, 2.2171811830454326e-08, 1.8385622863714705e-05, 0.9999999998309838], [0.35, 0.8, 0.5625, 3.071012527623134e-08, 2.2171811830454326e-08, 1.8385622863714705e-05, 0.9999999998309838])",0,False,2.62325709846323,"['None', 'None', 'None']"
4,"([0.6, 1.075, 0.5625, 3.7923564988209e-08, 6.836504668418399e-08, -0.0009820818013717147, 0.9999995177575484], [0.6, 0.8000057601488304, 0.5625, 3.071012527623134e-08, 2.2171811830454326e-08, 1.8385622863714705e-05, 0.9999999998309838], [0.35, 0.8, 0.5625, 3.071012527623134e-08, 2.2171811830454326e-08, 1.8385622863714705e-05, 0.9999999998309838])",0,False,2.62407185508502,"['None', 'None', 'None']"
5,"([0.6, 1.075, 0.5625, 3.7923564988209e-08, 6.836504668418399e-08, -0.0009820818013717147, 0.9999995177575484], [0.6, 0.8000057601488304, 0.5625, 3.071012527623134e-08, 2.2171811830454326e-08, 1.8385622863714705e-05, 0.9999999998309838], [0.35, 0.8, 0.5625, 3.071012527623134e-08, 2.2171811830454326e-08, 1.8385622863714705e-05, 0.9999999998309838])",0,False,2.62472080212341,"['None', 'None', 'None']"
6,"([0.6, 1.075, 0.5625, 3.7923564988209e-08, 6.836504668418399e-08, -0.0009820818013717147, 0.9999995177575484], [0.6, 0.8000057601488304, 0.5625, 3.071012527623134e-08, 2.2171811830454326e-08, 1.8385622863714705e-05, 0.9999999998309838], [0.35, 0.8, 0.5625, 3.071012527623134e-08, 2.2171811830454326e-08, 1.8385622863714705e-05, 0.9999999998309838])",0,False,2.62362090311628,"['None', 'None', 'None']"
7,"([0.6, 1.075, 0.5625, 3.7923564988209e-08, 6.836504668418399e-08, -0.0009820818013717147, 0.9999995177575484], [0.6, 0.8000057601488304, 0.5625, 3.071012527623134e-08, 2.2171811830454326e-08, 1.8385622863714705e-05, 0.9999999998309838], [0.35, 0.8, 0.5625, 3.071012527623134e-08, 2.2171811830454326e-08, 1.8385622863714705e-05, 0.9999999998309838])",0,False,2.62367855194377,"['None', 'None', 'None']"
8,"([0.6, 1.075, 0.5625, 3.7923564988209e-08, 6.836504668418399e-08, -0.0009820818013717147, 0.9999995177575484], [0.6, 0.8000057601488304, 0.5625, 3.071012527623134e-08, 2.2171811830454326e-08, 1.8385622863714705e-05, 0.9999999998309838], [0.35, 0.8, 0.5625, 3.071012527623134e-08, 2.2171811830454326e-08, 1.8385622863714705e-05, 0.9999999998309838])",0,False,2.62412539714903,"['None', 'None', 'None']"
9,"([0.6, 1.075, 0.5625, 3.7923564988209e-08, 6.836504668418399e-08, -0.0009820818013717147, 0.9999995177575484], [0.6, 0.8000057601488304, 0.5625, 3.071012527623134e-08, 2.2171811830454326e-08, 1.8385622863714705e-05, 0.9999999998309838], [0.35, 0.8, 0.5625, 3.071012527623134e-08, 2.2171811830454326e-08, 1.8385622863714705e-05, 0.9999999998309838])",0,False,2.62403317783347,"['None', 'None', 'None']"
run,initial_permutation,goal_percentage,goal_achieved,total_task_time,final_goal_region_occupancy
run,initial_permutation,goal_percentage,goal_achieved,total_task_time,final_goal_region_occupancy
0,"([0.35, 0.8, 0.5625, 3.071012527623134e-08, 2.2171811830454326e-08, 1.8385622863714705e-05, 0.9999999998309838], [0.6, 0.8000057601488304, 0.5625, 3.071012527623134e-08, 2.2171811830454326e-08, 1.8385622863714705e-05, 0.9999999998309838], [0.6, 1.075, 0.5625, 3.7923564988209e-08, 6.836504668418399e-08, -0.0009820818013717147, 0.9999995177575484])",0,False,2.43841260721899,"['None', 'None', 'None']"
1,"([0.35, 0.8, 0.5625, 3.071012527623134e-08, 2.2171811830454326e-08, 1.8385622863714705e-05, 0.9999999998309838], [0.6, 0.8000057601488304, 0.5625, 3.071012527623134e-08, 2.2171811830454326e-08, 1.8385622863714705e-05, 0.9999999998309838], [0.6, 1.075, 0.5625, 3.7923564988209e-08, 6.836504668418399e-08, -0.0009820818013717147, 0.9999995177575484])",0,False,2.43868744484714,"['None', 'None', 'None']"
2,"([0.35, 0.8, 0.5625, 3.071012527623134e-08, 2.2171811830454326e-08, 1.8385622863714705e-05, 0.9999999998309838], [0.6, 0.8000057601488304, 0.5625, 3.071012527623134e-08, 2.2171811830454326e-08, 1.8385622863714705e-05, 0.9999999998309838], [0.6, 1.075, 0.5625, 3.7923564988209e-08, 6.836504668418399e-08, -0.0009820818013717147, 0.9999995177575484])",0,False,2.43842283246394,"['None', 'None', 'None']"
3,"([0.35, 0.8, 0.5625, 3.071012527623134e-08, 2.2171811830454326e-08, 1.8385622863714705e-05, 0.9999999998309838], [0.6, 0.8000057601488304, 0.5625, 3.071012527623134e-08, 2.2171811830454326e-08, 1.8385622863714705e-05, 0.9999999998309838], [0.6, 1.075, 0.5625, 3.7923564988209e-08, 6.836504668418399e-08, -0.0009820818013717147, 0.9999995177575484])",0,False,2.43859395933363,"['None', 'None', 'None']"
4,"([0.35, 0.8, 0.5625, 3.071012527623134e-08, 2.2171811830454326e-08, 1.8385622863714705e-05, 0.9999999998309838], [0.6, 0.8000057601488304, 0.5625, 3.071012527623134e-08, 2.2171811830454326e-08, 1.8385622863714705e-05, 0.9999999998309838], [0.6, 1.075, 0.5625, 3.7923564988209e-08, 6.836504668418399e-08, -0.0009820818013717147, 0.9999995177575484])",0,False,2.4386526760263,"['None', 'None', 'None']"
5,"([0.35, 0.8, 0.5625, 3.071012527623134e-08, 2.2171811830454326e-08, 1.8385622863714705e-05, 0.9999999998309838], [0.6, 0.8000057601488304, 0.5625, 3.071012527623134e-08, 2.2171811830454326e-08, 1.8385622863714705e-05, 0.9999999998309838], [0.6, 1.075, 0.5625, 3.7923564988209e-08, 6.836504668418399e-08, -0.0009820818013717147, 0.9999995177575484])",0,False,2.43837261672714,"['None', 'None', 'None']"
6,"([0.35, 0.8, 0.5625, 3.071012527623134e-08, 2.2171811830454326e-08, 1.8385622863714705e-05, 0.9999999998309838], [0.6, 0.8000057601488304, 0.5625, 3.071012527623134e-08, 2.2171811830454326e-08, 1.8385622863714705e-05, 0.9999999998309838], [0.6, 1.075, 0.5625, 3.7923564988209e-08, 6.836504668418399e-08, -0.0009820818013717147, 0.9999995177575484])",0,False,2.43862369830613,"['None', 'None', 'None']"
7,"([0.35, 0.8, 0.5625, 3.071012527623134e-08, 2.2171811830454326e-08, 1.8385622863714705e-05, 0.9999999998309838], [0.6, 0.8000057601488304, 0.5625, 3.071012527623134e-08, 2.2171811830454326e-08, 1.8385622863714705e-05, 0.9999999998309838], [0.6, 1.075, 0.5625, 3.7923564988209e-08, 6.836504668418399e-08, -0.0009820818013717147, 0.9999995177575484])",0,False,2.4384251133381,"['None', 'None', 'None']"
8,"([0.35, 0.8, 0.5625, 3.071012527623134e-08, 2.2171811830454326e-08, 1.8385622863714705e-05, 0.9999999998309838], [0.6, 0.8000057601488304, 0.5625, 3.071012527623134e-08, 2.2171811830454326e-08, 1.8385622863714705e-05, 0.9999999998309838], [0.6, 1.075, 0.5625, 3.7923564988209e-08, 6.836504668418399e-08, -0.0009820818013717147, 0.9999995177575484])",0,False,2.43857854988152,"['None', 'None', 'None']"
9,"([0.35, 0.8, 0.5625, 3.071012527623134e-08, 2.2171811830454326e-08, 1.8385622863714705e-05, 0.9999999998309838], [0.6, 0.8000057601488304, 0.5625, 3.071012527623134e-08, 2.2171811830454326e-08, 1.8385622863714705e-05, 0.9999999998309838], [0.6, 1.075, 0.5625, 3.7923564988209e-08, 6.836504668418399e-08, -0.0009820818013717147, 0.9999995177575484])",0,False,2.43841186607482,"['None', 'None', 'None']"
0,"([0.35, 0.8, 0.5625, 3.071012527623134e-08, 2.2171811830454326e-08, 1.8385622863714705e-05, 0.9999999998309838], [0.6, 1.075, 0.5625, 3.7923564988209e-08, 6.836504668418399e-08, -0.0009820818013717147, 0.9999995177575484], [0.6, 0.8000057601488304, 0.5625, 3.071012527623134e-08, 2.2171811830454326e-08, 1.8385622863714705e-05, 0.9999999998309838])",0,False,2.43858338314141,"['None', 'None', 'None']"
1,"([0.35, 0.8, 0.5625, 3.071012527623134e-08, 2.2171811830454326e-08, 1.8385622863714705e-05, 0.9999999998309838], [0.6, 1.075, 0.5625, 3.7923564988209e-08, 6.836504668418399e-08, -0.0009820818013717147, 0.9999995177575484], [0.6, 0.8000057601488304, 0.5625, 3.071012527623134e-08, 2.2171811830454326e-08, 1.8385622863714705e-05, 0.9999999998309838])",0,False,2.43845483205384,"['None', 'None', 'None']"
2,"([0.35, 0.8, 0.5625, 3.071012527623134e-08, 2.2171811830454326e-08, 1.8385622863714705e-05, 0.9999999998309838], [0.6, 1.075, 0.5625, 3.7923564988209e-08, 6.836504668418399e-08, -0.0009820818013717147, 0.9999995177575484], [0.6, 0.8000057601488304, 0.5625, 3.071012527623134e-08, 2.2171811830454326e-08, 1.8385622863714705e-05, 0.9999999998309838])",0,False,2.43841760023367,"['None', 'None', 'None']"
3,"([0.35, 0.8, 0.5625, 3.071012527623134e-08, 2.2171811830454326e-08, 1.8385622863714705e-05, 0.9999999998309838], [0.6, 1.075, 0.5625, 3.7923564988209e-08, 6.836504668418399e-08, -0.0009820818013717147, 0.9999995177575484], [0.6, 0.8000057601488304, 0.5625, 3.071012527623134e-08, 2.2171811830454326e-08, 1.8385622863714705e-05, 0.9999999998309838])",0,False,2.43836850490744,"['None', 'None', 'None']"
4,"([0.35, 0.8, 0.5625, 3.071012527623134e-08, 2.2171811830454326e-08, 1.8385622863714705e-05, 0.9999999998309838], [0.6, 1.075, 0.5625, 3.7923564988209e-08, 6.836504668418399e-08, -0.0009820818013717147, 0.9999995177575484], [0.6, 0.8000057601488304, 0.5625, 3.071012527623134e-08, 2.2171811830454326e-08, 1.8385622863714705e-05, 0.9999999998309838])",0,False,2.43844149161544,"['None', 'None', 'None']"
0,"([0.35, 0.8, 0.5625, 3.071012527623134e-08, 2.2171811830454326e-08, 1.8385622863714705e-05, 0.9999999998309838], [0.6, 0.8000057601488304, 0.5625, 3.071012527623134e-08, 2.2171811830454326e-08, 1.8385622863714705e-05, 0.9999999998309838], [0.6, 1.075, 0.5625, 3.7923564988209e-08, 6.836504668418399e-08, -0.0009820818013717147, 0.9999995177575484])",100,True,28.4008033358024,"['/column0', '/column1', '/column2']"
