500,0,permutation_1,100.0,True,10,78.64000000000041,"['/column0', '/column1', '/column2']"
500,1,permutation_1,33.333333333333336,False,3,13.8009999999998,"['None', '/column2', 'None']"
500,2,permutation_1,100.0,True,10,77.0000000000004,"['/column0', '/column1', '/column2']"
500,3,permutation_1,100.0,True,10,67.12000000000229,"['/column0', '/column1', '/column2']"
500,4,permutation_1,33.333333333333336,False,5,22.240999999999502,"['None', '/column2', 'None']"
500,5,permutation_1,100.0,True,10,68.2800000000015,"['/column0', '/column1', '/column2']"
500,6,permutation_1,100.0,True,10,71.0800000000017,"['/column0', '/column1', '/column2']"
500,7,permutation_1,100.0,True,10,71.0000000000023,"['/column0', '/column1', '/column2']"
500,8,permutation_1,100.0,True,10,72.8000000000014,"['/column0', '/column1', '/column2']"
500,9,permutation_1,100.0,True,10,70.0400000000009,"['/column0', '/column1', '/column2']"
500,0,permutation_1,33.333333333333336,False,5,27.0009999999998,"['None', '/column2', 'None']"
1000,0,permutation_1,0.0,False,1,0.001,"['None', 'None', 'None']"
1000,1,permutation_1,0.0,False,1,0.001,"['None', 'None', 'None']"
1000,2,permutation_1,0.0,False,1,0.001,"['None', 'None', 'None']"
1000,3,permutation_1,0.0,False,1,0.001,"['None', 'None', 'None']"
1000,4,permutation_1,0.0,False,1,0.001,"['None', 'None', 'None']"
1000,5,permutation_1,0.0,False,1,0.001,"['None', 'None', 'None']"
1000,6,permutation_1,0.0,False,1,0.001,"['None', 'None', 'None']"
1000,7,permutation_1,0.0,False,1,0.001,"['None', 'None', 'None']"
1000,8,permutation_1,0.0,False,1,0.001,"['None', 'None', 'None']"
1000,9,permutation_1,0.0,False,1,0.001,"['None', 'None', 'None']"
1500,0,permutation_1,33.333333333333336,False,3,7.000999999999901,"['/column0', 'None', 'None']"
1500,1,permutation_1,33.333333333333336,False,3,7.000999999999901,"['/column0', 'None', 'None']"
1500,2,permutation_1,33.333333333333336,False,3,7.000999999999901,"['/column0', 'None', 'None']"
1500,3,permutation_1,33.333333333333336,False,3,7.000999999999901,"['/column0', 'None', 'None']"
1500,4,permutation_1,33.333333333333336,False,3,7.0409999999999,"['/column0', 'None', 'None']"
1500,5,permutation_1,33.333333333333336,False,3,7.000999999999901,"['/column0', 'None', 'None']"
1500,6,permutation_1,33.333333333333336,False,3,7.000999999999901,"['/column0', 'None', 'None']"
1500,7,permutation_1,33.333333333333336,False,3,7.000999999999901,"['/column0', 'None', 'None']"
1500,8,permutation_1,33.333333333333336,False,3,7.000999999999901,"['/column0', 'None', 'None']"
1500,9,permutation_1,33.333333333333336,False,3,6.9609999999999,"['/column0', 'None', 'None']"
2000,0,permutation_1,66.66666666666667,False,6,23.3209999999995,"['/column0', 'None', '/column2']"
2000,1,permutation_1,100.0,True,6,38.2800000000015,"['/column0', '/column1', '/column2']"
2000,2,permutation_1,33.333333333333336,False,3,12.1999999999998,"['None', 'None', '/column2']"
2000,3,permutation_1,100.0,True,6,39.6800000000015,"['/column0', '/column1', '/column2']"
2000,4,permutation_1,33.333333333333336,False,3,14.679999999999701,"['None', 'None', '/column2']"
2000,5,permutation_1,100.0,True,6,44.7200000000026,"['/column0', '/column1', '/column2']"
2000,6,permutation_1,100.0,True,6,45.96000000000279,"['/column0', '/column1', '/column2']"
2000,7,permutation_1,100.0,True,6,38.440000000001604,"['/column0', '/column1', '/column2']"
2000,8,permutation_1,100.0,True,6,38.8800000000018,"['/column0', '/column1', '/column2']"
2000,9,permutation_1,33.333333333333336,False,4,15.7999999999997,"['None', 'None', '/column2']"
2500,0,permutation_1,100.0,True,6,33.880000000000905,"['/column0', '/column1', '/column2']"
2500,1,permutation_1,66.66666666666667,False,6,30.000999999999603,"['/column0', 'None', '/column2']"
2500,2,permutation_1,100.0,True,6,45.160000000002796,"['/column0', '/column1', '/column2']"
2500,3,permutation_1,33.333333333333336,False,4,16.480999999999902,"['None', 'None', '/column2']"
2500,4,permutation_1,100.0,True,6,50.9600000000027,"['/column0', '/column1', '/column2']"
2500,5,permutation_1,33.333333333333336,False,3,12.5599999999998,"['None', 'None', '/column2']"
2500,6,permutation_1,66.66666666666667,False,6,40.6010000000015,"['/column0', 'None', '/column2']"
2500,7,permutation_1,100.0,True,6,44.8000000000038,"['/column0', '/column1', '/column2']"
2500,8,permutation_1,33.333333333333336,False,4,17.839999999999698,"['None', 'None', '/column2']"
2500,9,permutation_1,100.0,True,6,41.3600000000025,"['/column0', '/column1', '/column2']"
3000,0,permutation_1,33.333333333333336,False,3,13.679999999999698,"['None', 'None', '/column2']"
3000,1,permutation_1,100.0,True,6,41.8000000000024,"['/column0', '/column1', '/column2']"
3000,2,permutation_1,33.333333333333336,False,3,13.0399999999998,"['None', 'None', '/column2']"
3000,3,permutation_1,100.0,True,6,37.2400000000021,"['/column0', '/column1', '/column2']"
3000,4,permutation_1,100.0,True,6,31.440000000001003,"['/column0', '/column1', '/column2']"
3000,5,permutation_1,33.333333333333336,False,3,14.959999999999699,"['None', 'None', '/column2']"
3000,6,permutation_1,100.0,True,6,41.5600000000019,"['/column0', '/column1', '/column2']"
3000,7,permutation_1,100.0,True,6,33.440000000001,"['/column0', '/column1', '/column2']"
3000,8,permutation_1,100.0,True,6,35.0800000000017,"['/column0', '/column1', '/column2']"
3000,9,permutation_1,100.0,True,6,35.3200000000014,"['/column0', '/column1', '/column2']"
3500,0,permutation_1,100.0,True,6,40.6800000000021,"['/column0', '/column1', '/column2']"
3500,1,permutation_1,100.0,True,6,53.3600000000031,"['/column0', '/column1', '/column2']"
3500,2,permutation_1,100.0,True,6,52.440000000003,"['/column0', '/column1', '/column2']"
3500,3,permutation_1,100.0,True,6,51.6000000000033,"['/column0', '/column1', '/column2']"
3500,4,permutation_1,100.0,True,6,60.7600000000051,"['/column0', '/column1', '/column2']"
3500,5,permutation_1,100.0,True,6,54.72000000000439,"['/column0', '/column1', '/column2']"
3500,6,permutation_1,100.0,True,6,50.280000000003,"['/column0', '/column1', '/column2']"
3500,7,permutation_1,100.0,True,6,47.2800000000029,"['/column0', '/column1', '/column2']"
3500,8,permutation_1,66.66666666666667,False,6,36.5610000000009,"['/column0', 'None', '/column2']"
3500,9,permutation_1,100.0,True,6,41.84000000000211,"['/column0', '/column1', '/column2']"
