data limit,run,initial_permutation,goal_percentage,goal_achieved,number_of_actions,total_task_time,final_goal_region_occupancy7000,0,permutation_0,0.0,False,1,0.001,"['None', 'None', 'None']"
7000,0,permutation_1,0.0,False,1,0.001,"['None', 'None', 'None']"
7000,0,permutation_2,100.0,True,6,44.0000000000017,"['/column0', '/column2', '/column1']"
7000,0,permutation_3,100.0,True,6,43.5600000000015,"['/column1', '/column0', '/column2']"
7000,0,permutation_4,0.0,False,1,0.001,"['None', 'None', 'None']"
7000,0,permutation_5,0.0,False,1,0.001,"['None', 'None', 'None']"
7000,1,permutation_0,0.0,False,1,0.001,"['None', 'None', 'None']"
7000,1,permutation_1,0.0,False,1,0.001,"['None', 'None', 'None']"
7000,1,permutation_2,100.0,True,6,55.6000000000031,"['/column0', '/column2', '/column1']"
7000,1,permutation_3,100.0,True,6,43.36000000000139,"['/column1', '/column0', '/column2']"
7000,1,permutation_4,0.0,False,1,0.001,"['None', 'None', 'None']"
7000,1,permutation_5,0.0,False,1,0.001,"['None', 'None', 'None']"
7000,2,permutation_0,0.0,False,1,0.001,"['None', 'None', 'None']"
7000,2,permutation_1,0.0,False,1,0.001,"['None', 'None', 'None']"
7000,2,permutation_2,100.0,True,6,38.0400000000006,"['/column0', '/column2', '/column1']"
7000,2,permutation_3,100.0,True,6,45.640000000002495,"['/column1', '/column0', '/column2']"
7000,2,permutation_4,0.0,False,1,0.001,"['None', 'None', 'None']"
7000,2,permutation_5,0.0,False,1,0.001,"['None', 'None', 'None']"
7000,3,permutation_0,0.0,False,1,0.001,"['None', 'None', 'None']"
7000,3,permutation_1,0.0,False,1,0.001,"['None', 'None', 'None']"
7000,3,permutation_2,100.0,True,6,45.6800000000026,"['/column0', '/column2', '/column1']"
7000,3,permutation_3,100.0,True,6,47.920000000003796,"['/column1', '/column0', '/column2']"
7000,3,permutation_4,0.0,False,1,0.001,"['None', 'None', 'None']"
7000,3,permutation_5,0.0,False,1,0.001,"['None', 'None', 'None']"
7000,4,permutation_0,0.0,False,1,0.001,"['None', 'None', 'None']"
7000,4,permutation_1,0.0,False,1,0.001,"['None', 'None', 'None']"
7000,4,permutation_2,100.0,True,6,45.0400000000015,"['/column0', '/column2', '/column1']"
7000,4,permutation_3,100.0,True,6,43.400000000002095,"['/column1', '/column0', '/column2']"
7000,4,permutation_4,0.0,False,1,0.001,"['None', 'None', 'None']"
7000,4,permutation_5,0.0,False,1,0.001,"['None', 'None', 'None']"
7000,5,permutation_0,0.0,False,1,0.001,"['None', 'None', 'None']"
7000,5,permutation_1,0.0,False,1,0.001,"['None', 'None', 'None']"
7000,5,permutation_2,33.333333333333336,False,3,29.759999999999998,"['None', '/column2', 'None']"
7000,5,permutation_3,100.0,True,6,51.5200000000028,"['/column1', '/column0', '/column2']"
7000,5,permutation_4,0.0,False,1,0.001,"['None', 'None', 'None']"
7000,5,permutation_5,0.0,False,1,0.001,"['None', 'None', 'None']"
7000,6,permutation_0,0.0,False,1,0.001,"['None', 'None', 'None']"
7000,6,permutation_1,0.0,False,1,0.001,"['None', 'None', 'None']"
7000,6,permutation_2,100.0,True,6,43.6400000000027,"['/column0', '/column2', '/column1']"
7000,6,permutation_3,100.0,True,6,45.480000000002505,"['/column1', '/column0', '/column2']"
7000,6,permutation_4,0.0,False,1,0.001,"['None', 'None', 'None']"
7000,6,permutation_5,0.0,False,1,0.001,"['None', 'None', 'None']"
7000,7,permutation_0,0.0,False,1,0.001,"['None', 'None', 'None']"
7000,7,permutation_1,0.0,False,1,0.001,"['None', 'None', 'None']"
7000,7,permutation_2,100.0,True,6,45.0400000000028,"['/column0', '/column2', '/column1']"
7000,7,permutation_3,100.0,True,6,46.5600000000029,"['/column1', '/column0', '/column2']"
7000,7,permutation_4,0.0,False,1,0.001,"['None', 'None', 'None']"
7000,7,permutation_5,0.0,False,1,0.001,"['None', 'None', 'None']"
7000,8,permutation_0,0.0,False,1,0.001,"['None', 'None', 'None']"
7000,8,permutation_1,0.0,False,1,0.001,"['None', 'None', 'None']"
7000,8,permutation_2,100.0,True,6,50.9600000000023,"['/column0', '/column2', '/column1']"
7000,0,permutation_0,0.0,False,1,0.001,"['None', 'None', 'None']"
7000,0,permutation_1,0.0,False,1,0.001,"['None', 'None', 'None']"
7000,0,permutation_2,100.0,True,6,48.280000000002296,"['/column0', '/column2', '/column1']"
7000,0,permutation_3,100.0,True,6,40.440000000001504,"['/column1', '/column0', '/column2']"
7000,0,permutation_4,0.0,False,1,0.001,"['None', 'None', 'None']"
7000,0,permutation_5,0.0,False,1,0.001,"['None', 'None', 'None']"
7000,1,permutation_0,0.0,False,1,0.001,"['None', 'None', 'None']"
7000,1,permutation_1,0.0,False,1,0.001,"['None', 'None', 'None']"
7000,1,permutation_2,100.0,True,6,45.68000000000271,"['/column0', '/column2', '/column1']"
7000,1,permutation_3,100.0,True,6,38.2800000000014,"['/column1', '/column0', '/column2']"
7000,1,permutation_4,0.0,False,1,0.001,"['None', 'None', 'None']"
7000,1,permutation_5,0.0,False,1,0.001,"['None', 'None', 'None']"
7000,2,permutation_0,0.0,False,1,0.001,"['None', 'None', 'None']"
7000,2,permutation_1,0.0,False,1,0.001,"['None', 'None', 'None']"
7000,2,permutation_2,100.0,True,6,44.040000000001704,"['/column0', '/column2', '/column1']"
7000,2,permutation_3,100.0,True,6,41.0000000000014,"['/column1', '/column0', '/column2']"
7000,2,permutation_4,0.0,False,1,0.001,"['None', 'None', 'None']"
7000,2,permutation_5,0.0,False,1,0.001,"['None', 'None', 'None']"
7000,3,permutation_0,0.0,False,1,0.001,"['None', 'None', 'None']"
7000,3,permutation_1,0.0,False,1,0.001,"['None', 'None', 'None']"
7000,3,permutation_2,100.0,True,6,51.1200000000028,"['/column0', '/column2', '/column1']"
7000,3,permutation_3,100.0,True,6,53.320000000003695,"['/column1', '/column0', '/column2']"
7000,3,permutation_4,0.0,False,1,0.001,"['None', 'None', 'None']"
7000,3,permutation_5,0.0,False,1,0.001,"['None', 'None', 'None']"
7000,4,permutation_0,0.0,False,1,0.001,"['None', 'None', 'None']"
7000,4,permutation_1,0.0,False,1,0.001,"['None', 'None', 'None']"
7000,4,permutation_2,100.0,True,6,47.1200000000017,"['/column0', '/column2', '/column1']"
7000,4,permutation_3,100.0,True,6,39.0000000000015,"['/column1', '/column0', '/column2']"
7000,4,permutation_4,0.0,False,1,0.001,"['None', 'None', 'None']"
7000,4,permutation_5,0.0,False,1,0.001,"['None', 'None', 'None']"
7000,5,permutation_0,0.0,False,1,0.001,"['None', 'None', 'None']"
7000,5,permutation_1,0.0,False,1,0.001,"['None', 'None', 'None']"
7000,5,permutation_2,100.0,True,6,42.6800000000014,"['/column0', '/column2', '/column1']"
7000,5,permutation_3,100.0,True,6,44.4000000000017,"['/column1', '/column0', '/column2']"
7000,5,permutation_4,0.0,False,1,0.001,"['None', 'None', 'None']"
7000,5,permutation_5,0.0,False,1,0.001,"['None', 'None', 'None']"
7000,6,permutation_0,0.0,False,1,0.001,"['None', 'None', 'None']"
7000,6,permutation_1,0.0,False,1,0.001,"['None', 'None', 'None']"
7000,6,permutation_2,100.0,True,6,46.160000000002505,"['/column0', '/column2', '/column1']"
7000,6,permutation_3,100.0,True,6,40.4000000000018,"['/column1', '/column0', '/column2']"
7000,6,permutation_4,0.0,False,1,0.001,"['None', 'None', 'None']"
7000,6,permutation_5,0.0,False,1,0.001,"['None', 'None', 'None']"
7000,7,permutation_0,0.0,False,1,0.001,"['None', 'None', 'None']"
7000,7,permutation_1,0.0,False,1,0.001,"['None', 'None', 'None']"
7000,7,permutation_2,100.0,True,6,45.200000000001495,"['/column0', '/column2', '/column1']"
7000,7,permutation_3,100.0,True,6,49.8800000000025,"['/column1', '/column0', '/column2']"
7000,7,permutation_4,0.0,False,1,0.001,"['None', 'None', 'None']"
7000,7,permutation_5,0.0,False,1,0.001,"['None', 'None', 'None']"
7000,8,permutation_0,0.0,False,1,0.001,"['None', 'None', 'None']"
7000,8,permutation_1,0.0,False,1,0.001,"['None', 'None', 'None']"
7000,8,permutation_2,100.0,True,6,44.5600000000015,"['/column0', '/column2', '/column1']"
7000,8,permutation_3,66.66666666666667,False,6,35.2410000000001,"['/column1', 'None', '/column2']"
7000,8,permutation_4,0.0,False,1,0.001,"['None', 'None', 'None']"
7000,8,permutation_5,0.0,False,1,0.001,"['None', 'None', 'None']"
7000,9,permutation_0,0.0,False,1,0.001,"['None', 'None', 'None']"
7000,9,permutation_1,0.0,False,1,0.001,"['None', 'None', 'None']"
7000,9,permutation_2,100.0,True,6,46.7200000000025,"['/column0', '/column2', '/column1']"
7000,9,permutation_3,100.0,True,6,45.56000000000169,"['/column1', '/column0', '/column2']"
7000,9,permutation_4,0.0,False,1,0.001,"['None', 'None', 'None']"
7000,9,permutation_5,0.0,False,1,0.001,"['None', 'None', 'None']"
